user_id,signup_month,has_kyc,has_application,has_approval,has_disbursement,loan_amount,has_repayment
10000,2023-06,1,1,1,1,756.2772473938148,1
10001,2023-03,0,0,0,0,0.0,0
10002,2023-05,1,1,1,1,756.2772473938148,1
10003,2023-03,1,0,0,0,0.0,0
10004,2023-02,1,1,0,0,0.0,0
10005,2023-04,1,0,0,0,0.0,0
10006,2023-03,1,1,0,0,0.0,0
10007,2023-04,1,1,1,1,756.2772473938148,1
10008,2023-02,1,1,1,1,756.2772473938148,1
10009,2023-02,1,1,1,1,756.2772473938148,0
10010,2023-01,1,1,0,0,0.0,0
10011,2023-02,1,1,1,1,756.2772473938148,1
10012,2023-02,0,0,0,0,0.0,0
10013,2023-01,0,0,0,0,0.0,0
10014,2023-01,1,0,0,0,0.0,0
10015,2023-02,1,1,0,0,0.0,0
10016,2023-04,1,0,0,0,0.0,0
10017,2023-06,1,1,0,0,0.0,0
10018,2023-05,1,1,1,1,756.2772473938148,1
10019,2023-01,1,1,1,1,756.2772473938148,1
10020,2023-01,1,1,1,1,756.2772473938148,1
10021,2023-05,1,1,0,0,0.0,0
10022,2023-02,1,1,1,1,756.2772473938148,1
10023,2023-04,1,0,0,0,0.0,0
10024,2023-03,1,1,1,1,756.2772473938148,1
10025,2023-05,1,1,0,0,0.0,0
10026,2023-03,1,1,1,1,756.2772473938148,1
10027,2023-05,1,1,1,1,756.2772473938148,1
10028,2023-01,1,1,1,1,756.2772473938148,1
10029,2023-06,1,1,1,1,756.2772473938148,0
10030,2023-01,0,0,0,0,0.0,0
10031,2023-02,0,0,0,0,0.0,0
10032,2023-04,1,1,0,0,0.0,0
10033,2023-05,1,1,1,1,756.2772473938148,1
10034,2023-05,1,0,0,0,0.0,0
10035,2023-05,1,1,0,0,0.0,0
10036,2023-02,1,1,1,1,756.2772473938148,1
10037,2023-06,1,1,1,1,756.2772473938148,0
10038,2023-04,1,1,1,1,756.2772473938148,1
10039,2023-03,0,0,0,0,0.0,0
10040,2023-02,1,1,0,0,0.0,0
10041,2023-05,0,0,0,0,0.0,0
10042,2023-01,0,0,0,0,0.0,0
10043,2023-04,1,0,0,0,0.0,0
10044,2023-03,1,1,0,0,0.0,0
10045,2023-06,1,1,0,0,0.0,0
10046,2023-01,1,1,1,1,756.2772473938148,1
10047,2023-04,1,1,1,0,0.0,0
10048,2023-03,1,1,1,1,756.2772473938148,1
10049,2023-03,0,0,0,0,0.0,0
10050,2023-03,1,1,1,1,756.2772473938148,1
10051,2023-06,1,0,0,0,0.0,0
10052,2023-03,1,0,0,0,0.0,0
10053,2023-05,0,0,0,0,0.0,0
10054,2023-04,1,1,1,1,756.2772473938148,1
10055,2023-04,1,0,0,0,0.0,0
10056,2023-06,1,1,1,1,756.2772473938148,1
10057,2023-05,1,0,0,0,0.0,0
10058,2023-05,1,0,0,0,0.0,0
10059,2023-06,1,1,0,0,0.0,0
10060,2023-04,0,0,0,0,0.0,0
10061,2023-03,1,0,0,0,0.0,0
10062,2023-01,1,0,0,0,0.0,0
10063,2023-05,1,0,0,0,0.0,0
10064,2023-04,1,1,1,1,756.2772473938148,1
10065,2023-02,1,1,1,1,756.2772473938148,1
10066,2023-04,1,0,0,0,0.0,0
10067,2023-03,1,0,0,0,0.0,0
10068,2023-06,1,0,0,0,0.0,0
10069,2023-02,1,1,0,0,0.0,0
10070,2023-03,1,1,1,1,756.2772473938148,1
10071,2023-05,1,1,1,1,756.2772473938148,1
10072,2023-01,1,1,0,0,0.0,0
10073,2023-02,1,1,1,1,756.2772473938148,1
10074,2023-05,1,1,1,1,756.2772473938148,1
10075,2023-03,1,0,0,0,0.0,0
10076,2023-02,0,0,0,0,0.0,0
10077,2023-02,1,1,0,0,0.0,0
10078,2023-04,0,0,0,0,0.0,0
10079,2023-05,0,0,0,0,0.0,0
10080,2023-06,1,1,1,1,756.2772473938148,1
10081,2023-02,1,1,1,1,756.2772473938148,1
10082,2023-01,0,0,0,0,0.0,0
10083,2023-01,1,1,1,1,756.2772473938148,1
10084,2023-04,0,0,0,0,0.0,0
10085,2023-02,0,0,0,0,0.0,0
10086,2023-04,1,0,0,0,0.0,0
10087,2023-04,1,0,0,0,0.0,0
10088,2023-04,1,1,1,1,756.2772473938148,1
10089,2023-06,1,0,0,0,0.0,0
10090,2023-02,1,0,0,0,0.0,0
10091,2023-02,1,1,1,1,756.2772473938148,0
10092,2023-03,1,0,0,0,0.0,0
10093,2023-04,1,1,0,0,0.0,0
10094,2023-04,1,1,1,1,756.2772473938148,1
10095,2023-04,1,0,0,0,0.0,0
10096,2023-04,1,1,0,0,0.0,0
10097,2023-01,1,1,1,1,756.2772473938148,1
10098,2023-02,1,0,0,0,0.0,0
10099,2023-04,1,1,0,0,0.0,0
10100,2023-02,1,0,0,0,0.0,0
10101,2023-05,0,0,0,0,0.0,0
10102,2023-04,1,1,1,1,756.2772473938148,0
10103,2023-02,1,1,0,0,0.0,0
10104,2023-06,1,1,1,1,756.2772473938148,1
10105,2023-03,1,1,0,0,0.0,0
10106,2023-04,1,1,0,0,0.0,0
10107,2023-05,1,0,0,0,0.0,0
10108,2023-04,1,0,0,0,0.0,0
10109,2023-02,0,0,0,0,0.0,0
10110,2023-06,1,0,0,0,0.0,0
10111,2023-01,1,1,0,0,0.0,0
10112,2023-06,1,1,0,0,0.0,0
10113,2023-01,1,1,0,0,0.0,0
10114,2023-06,1,1,0,0,0.0,0
10115,2023-04,1,1,1,1,756.2772473938148,1
10116,2023-01,1,0,0,0,0.0,0
10117,2023-02,1,1,1,1,756.2772473938148,1
10118,2023-06,1,1,1,1,756.2772473938148,1
10119,2023-02,0,0,0,0,0.0,0
10120,2023-01,0,0,0,0,0.0,0
10121,2023-04,1,1,1,0,0.0,0
10122,2023-06,1,0,0,0,0.0,0
10123,2023-02,1,1,0,0,0.0,0
10124,2023-04,0,0,0,0,0.0,0
10125,2023-05,1,0,0,0,0.0,0
10126,2023-06,1,1,0,0,0.0,0
10127,2023-05,1,0,0,0,0.0,0
10128,2023-02,1,1,1,1,756.2772473938148,1
10129,2023-05,1,1,0,0,0.0,0
10130,2023-05,1,1,1,1,756.2772473938148,1
10131,2023-04,1,0,0,0,0.0,0
10132,2023-05,1,1,1,1,756.2772473938148,1
10133,2023-04,1,1,1,1,756.2772473938148,1
10134,2023-01,1,1,1,1,756.2772473938148,1
10135,2023-06,1,0,0,0,0.0,0
10136,2023-05,1,0,0,0,0.0,0
10137,2023-05,1,0,0,0,0.0,0
10138,2023-05,1,0,0,0,0.0,0
10139,2023-05,1,1,1,1,756.2772473938148,1
10140,2023-01,1,1,0,0,0.0,0
10141,2023-01,1,0,0,0,0.0,0
10142,2023-02,1,0,0,0,0.0,0
10143,2023-01,1,1,0,0,0.0,0
10144,2023-01,1,1,0,0,0.0,0
10145,2023-05,1,0,0,0,0.0,0
10146,2023-03,1,0,0,0,0.0,0
10147,2023-03,0,0,0,0,0.0,0
10148,2023-06,1,1,1,0,0.0,0
10149,2023-06,1,1,1,1,756.2772473938148,1
10150,2023-01,1,1,0,0,0.0,0
10151,2023-02,1,0,0,0,0.0,0
10152,2023-01,0,0,0,0,0.0,0
10153,2023-03,0,0,0,0,0.0,0
10154,2023-05,1,1,1,1,756.2772473938148,1
10155,2023-05,1,1,1,1,756.2772473938148,1
10156,2023-02,1,1,1,1,756.2772473938148,1
10157,2023-03,1,1,1,0,0.0,0
10158,2023-04,1,1,1,1,756.2772473938148,1
10159,2023-02,0,0,0,0,0.0,0
10160,2023-06,1,1,1,1,756.2772473938148,0
10161,2023-05,1,1,1,1,756.2772473938148,1
10162,2023-04,0,0,0,0,0.0,0
10163,2023-02,0,0,0,0,0.0,0
10164,2023-02,1,0,0,0,0.0,0
10165,2023-01,1,1,1,1,756.2772473938148,1
10166,2023-02,1,1,1,1,756.2772473938148,1
10167,2023-04,1,0,0,0,0.0,0
10168,2023-02,1,1,1,1,756.2772473938148,1
10169,2023-01,1,1,0,0,0.0,0
10170,2023-06,1,1,0,0,0.0,0
10171,2023-02,1,1,1,1,756.2772473938148,0
10172,2023-03,0,0,0,0,0.0,0
10173,2023-06,1,1,1,1,756.2772473938148,1
10174,2023-03,0,0,0,0,0.0,0
10175,2023-03,1,1,0,0,0.0,0
10176,2023-06,1,0,0,0,0.0,0
10177,2023-02,0,0,0,0,0.0,0
10178,2023-04,1,1,1,1,756.2772473938148,1
10179,2023-03,1,1,0,0,0.0,0
10180,2023-04,1,1,1,1,756.2772473938148,0
10181,2023-02,1,1,1,1,756.2772473938148,1
10182,2023-02,0,0,0,0,0.0,0
10183,2023-04,1,0,0,0,0.0,0
10184,2023-04,1,1,0,0,0.0,0
10185,2023-03,1,0,0,0,0.0,0
10186,2023-05,1,0,0,0,0.0,0
10187,2023-01,1,1,0,0,0.0,0
10188,2023-04,0,0,0,0,0.0,0
10189,2023-03,1,1,0,0,0.0,0
10190,2023-04,1,1,1,1,756.2772473938148,1
10191,2023-06,1,0,0,0,0.0,0
10192,2023-03,1,1,1,1,756.2772473938148,1
10193,2023-03,1,0,0,0,0.0,0
10194,2023-04,0,0,0,0,0.0,0
10195,2023-02,0,0,0,0,0.0,0
10196,2023-04,1,0,0,0,0.0,0
10197,2023-02,0,0,0,0,0.0,0
10198,2023-04,1,0,0,0,0.0,0
10199,2023-04,1,1,0,0,0.0,0
10200,2023-04,1,1,0,0,0.0,0
10201,2023-06,1,1,1,1,756.2772473938148,1
10202,2023-04,1,1,0,0,0.0,0
10203,2023-01,1,1,1,1,756.2772473938148,1
10204,2023-01,1,1,1,1,756.2772473938148,1
10205,2023-05,1,1,0,0,0.0,0
10206,2023-05,0,0,0,0,0.0,0
10207,2023-06,1,1,1,1,756.2772473938148,1
10208,2023-01,1,1,0,0,0.0,0
10209,2023-01,1,1,0,0,0.0,0
10210,2023-05,1,1,0,0,0.0,0
10211,2023-02,1,0,0,0,0.0,0
10212,2023-03,1,0,0,0,0.0,0
10213,2023-06,1,0,0,0,0.0,0
10214,2023-02,1,1,0,0,0.0,0
10215,2023-06,0,0,0,0,0.0,0
10216,2023-05,1,1,1,1,756.2772473938148,0
10217,2023-02,1,0,0,0,0.0,0
10218,2023-04,1,1,0,0,0.0,0
10219,2023-05,1,1,0,0,0.0,0
10220,2023-03,1,1,0,0,0.0,0
10221,2023-03,1,1,1,0,0.0,0
10222,2023-05,1,0,0,0,0.0,0
10223,2023-04,1,1,1,1,756.2772473938148,1
10224,2023-01,1,1,1,1,756.2772473938148,1
10225,2023-04,0,0,0,0,0.0,0
10226,2023-04,0,0,0,0,0.0,0
10227,2023-03,1,1,1,1,756.2772473938148,1
10228,2023-06,1,1,1,1,756.2772473938148,1
10229,2023-02,0,0,0,0,0.0,0
10230,2023-06,1,1,1,1,756.2772473938148,1
10231,2023-02,0,0,0,0,0.0,0
10232,2023-02,1,0,0,0,0.0,0
10233,2023-03,1,1,0,0,0.0,0
10234,2023-03,1,0,0,0,0.0,0
10235,2023-06,1,1,0,0,0.0,0
10236,2023-03,1,1,0,0,0.0,0
10237,2023-01,0,0,0,0,0.0,0
10238,2023-06,1,0,0,0,0.0,0
10239,2023-01,0,0,0,0,0.0,0
10240,2023-02,1,1,1,1,756.2772473938148,1
10241,2023-04,1,1,1,1,756.2772473938148,0
10242,2023-04,1,1,1,1,756.2772473938148,1
10243,2023-04,1,1,1,1,756.2772473938148,1
10244,2023-02,0,0,0,0,0.0,0
10245,2023-04,1,0,0,0,0.0,0
10246,2023-02,0,0,0,0,0.0,0
10247,2023-03,1,1,1,1,756.2772473938148,1
10248,2023-05,1,1,1,1,756.2772473938148,1
10249,2023-06,1,1,0,0,0.0,0
10250,2023-02,1,1,1,1,756.2772473938148,1
10251,2023-01,0,0,0,0,0.0,0
10252,2023-02,1,0,0,0,0.0,0
10253,2023-05,1,1,1,1,756.2772473938148,0
10254,2023-03,1,1,1,1,756.2772473938148,0
10255,2023-01,1,0,0,0,0.0,0
10256,2023-06,1,0,0,0,0.0,0
10257,2023-02,1,0,0,0,0.0,0
10258,2023-03,1,0,0,0,0.0,0
10259,2023-05,1,0,0,0,0.0,0
10260,2023-05,1,1,0,0,0.0,0
10261,2023-05,1,0,0,0,0.0,0
10262,2023-04,1,1,0,0,0.0,0
10263,2023-04,0,0,0,0,0.0,0
10264,2023-02,0,0,0,0,0.0,0
10265,2023-05,0,0,0,0,0.0,0
10266,2023-06,1,1,1,1,756.2772473938148,1
10267,2023-01,1,0,0,0,0.0,0
10268,2023-06,1,0,0,0,0.0,0
10269,2023-05,1,1,0,0,0.0,0
10270,2023-06,1,1,0,0,0.0,0
10271,2023-01,0,0,0,0,0.0,0
10272,2023-01,1,1,1,1,756.2772473938148,1
10273,2023-01,1,1,1,1,756.2772473938148,1
10274,2023-02,1,1,1,1,756.2772473938148,0
10275,2023-01,1,1,1,1,756.2772473938148,1
10276,2023-05,1,1,1,1,756.2772473938148,1
10277,2023-04,1,1,1,1,756.2772473938148,1
10278,2023-03,0,0,0,0,0.0,0
10279,2023-06,1,1,0,0,0.0,0
10280,2023-05,0,0,0,0,0.0,0
10281,2023-06,1,0,0,0,0.0,0
10282,2023-01,1,0,0,0,0.0,0
10283,2023-02,1,1,1,1,756.2772473938148,1
10284,2023-03,1,1,1,1,756.2772473938148,1
10285,2023-03,1,1,1,1,756.2772473938148,1
10286,2023-03,1,1,0,0,0.0,0
10287,2023-03,0,0,0,0,0.0,0
10288,2023-04,1,0,0,0,0.0,0
10289,2023-03,1,1,1,1,756.2772473938148,1
10290,2023-02,1,0,0,0,0.0,0
10291,2023-01,1,1,1,1,756.2772473938148,1
10292,2023-05,1,1,1,1,756.2772473938148,1
10293,2023-02,1,1,1,1,756.2772473938148,1
10294,2023-06,1,1,1,0,0.0,0
10295,2023-06,0,0,0,0,0.0,0
10296,2023-02,1,0,0,0,0.0,0
10297,2023-03,1,1,0,0,0.0,0
10298,2023-01,1,1,1,0,0.0,0
10299,2023-04,0,0,0,0,0.0,0
10300,2023-02,0,0,0,0,0.0,0
10301,2023-04,1,1,1,1,756.2772473938148,1
10302,2023-06,1,1,1,1,756.2772473938148,1
10303,2023-04,1,1,1,1,756.2772473938148,1
10304,2023-06,1,1,0,0,0.0,0
10305,2023-04,1,1,1,1,756.2772473938148,1
10306,2023-06,1,1,1,1,756.2772473938148,1
10307,2023-02,0,0,0,0,0.0,0
10308,2023-06,1,1,1,1,756.2772473938148,1
10309,2023-02,1,0,0,0,0.0,0
10310,2023-02,1,1,1,1,756.2772473938148,1
10311,2023-04,0,0,0,0,0.0,0
10312,2023-06,1,0,0,0,0.0,0
10313,2023-02,1,1,0,0,0.0,0
10314,2023-02,1,0,0,0,0.0,0
10315,2023-06,1,1,0,0,0.0,0
10316,2023-06,0,0,0,0,0.0,0
10317,2023-03,1,1,1,1,756.2772473938148,1
10318,2023-06,0,0,0,0,0.0,0
10319,2023-02,0,0,0,0,0.0,0
10320,2023-06,1,0,0,0,0.0,0
10321,2023-01,0,0,0,0,0.0,0
10322,2023-01,0,0,0,0,0.0,0
10323,2023-05,0,0,0,0,0.0,0
10324,2023-03,1,0,0,0,0.0,0
10325,2023-04,1,0,0,0,0.0,0
10326,2023-01,1,1,1,1,756.2772473938148,1
10327,2023-05,1,0,0,0,0.0,0
10328,2023-03,1,1,1,1,756.2772473938148,1
10329,2023-03,1,1,0,0,0.0,0
10330,2023-06,1,1,0,0,0.0,0
10331,2023-02,1,1,1,1,756.2772473938148,1
10332,2023-01,1,0,0,0,0.0,0
10333,2023-01,1,1,0,0,0.0,0
10334,2023-03,1,0,0,0,0.0,0
10335,2023-06,1,1,1,1,756.2772473938148,1
10336,2023-06,1,1,1,1,756.2772473938148,1
10337,2023-06,1,1,1,1,756.2772473938148,1
10338,2023-05,1,1,1,1,756.2772473938148,0
10339,2023-02,1,0,0,0,0.0,0
10340,2023-02,1,0,0,0,0.0,0
10341,2023-06,0,0,0,0,0.0,0
10342,2023-04,1,1,0,0,0.0,0
10343,2023-03,0,0,0,0,0.0,0
10344,2023-05,1,1,1,1,756.2772473938148,1
10345,2023-03,0,0,0,0,0.0,0
10346,2023-06,1,1,1,1,756.2772473938148,1
10347,2023-02,0,0,0,0,0.0,0
10348,2023-01,1,0,0,0,0.0,0
10349,2023-04,0,0,0,0,0.0,0
10350,2023-02,0,0,0,0,0.0,0
10351,2023-04,1,0,0,0,0.0,0
10352,2023-01,0,0,0,0,0.0,0
10353,2023-01,1,0,0,0,0.0,0
10354,2023-06,1,1,0,0,0.0,0
10355,2023-06,0,0,0,0,0.0,0
10356,2023-02,0,0,0,0,0.0,0
10357,2023-05,1,1,1,1,756.2772473938148,1
10358,2023-04,1,1,1,1,756.2772473938148,1
10359,2023-03,1,1,1,1,756.2772473938148,1
10360,2023-03,1,1,1,1,756.2772473938148,1
10361,2023-06,1,0,0,0,0.0,0
10362,2023-01,0,0,0,0,0.0,0
10363,2023-03,1,0,0,0,0.0,0
10364,2023-04,1,1,0,0,0.0,0
10365,2023-03,1,1,1,1,756.2772473938148,1
10366,2023-01,1,1,1,1,756.2772473938148,1
10367,2023-03,0,0,0,0,0.0,0
10368,2023-02,0,0,0,0,0.0,0
10369,2023-01,1,1,1,0,0.0,0
10370,2023-04,0,0,0,0,0.0,0
10371,2023-02,1,1,0,0,0.0,0
10372,2023-04,1,1,0,0,0.0,0
10373,2023-01,1,1,1,1,756.2772473938148,1
10374,2023-03,0,0,0,0,0.0,0
10375,2023-04,1,1,0,0,0.0,0
10376,2023-06,1,1,0,0,0.0,0
10377,2023-04,1,1,0,0,0.0,0
10378,2023-05,1,1,1,1,756.2772473938148,0
10379,2023-01,1,0,0,0,0.0,0
10380,2023-06,0,0,0,0,0.0,0
10381,2023-06,0,0,0,0,0.0,0
10382,2023-01,0,0,0,0,0.0,0
10383,2023-01,1,1,0,0,0.0,0
10384,2023-04,1,0,0,0,0.0,0
10385,2023-02,1,1,1,1,756.2772473938148,1
10386,2023-01,0,0,0,0,0.0,0
10387,2023-03,1,0,0,0,0.0,0
10388,2023-02,0,0,0,0,0.0,0
10389,2023-06,1,0,0,0,0.0,0
10390,2023-04,1,1,1,1,756.2772473938148,0
10391,2023-01,1,1,1,1,756.2772473938148,1
10392,2023-05,0,0,0,0,0.0,0
10393,2023-01,1,0,0,0,0.0,0
10394,2023-05,1,1,1,0,0.0,0
10395,2023-02,1,1,1,1,756.2772473938148,1
10396,2023-04,1,0,0,0,0.0,0
10397,2023-06,0,0,0,0,0.0,0
10398,2023-02,1,1,0,0,0.0,0
10399,2023-01,0,0,0,0,0.0,0
10400,2023-01,1,1,0,0,0.0,0
10401,2023-02,1,1,1,0,0.0,0
10402,2023-05,1,1,0,0,0.0,0
10403,2023-02,1,0,0,0,0.0,0
10404,2023-06,1,1,0,0,0.0,0
10405,2023-05,0,0,0,0,0.0,0
10406,2023-04,1,1,1,1,756.2772473938148,1
10407,2023-05,1,1,0,0,0.0,0
10408,2023-01,1,1,1,0,0.0,0
10409,2023-01,1,1,0,0,0.0,0
10410,2023-05,1,1,1,1,756.2772473938148,1
10411,2023-01,1,1,0,0,0.0,0
10412,2023-04,1,1,0,0,0.0,0
10413,2023-02,1,1,1,1,756.2772473938148,1
10414,2023-06,1,1,0,0,0.0,0
10415,2023-05,0,0,0,0,0.0,0
10416,2023-03,0,0,0,0,0.0,0
10417,2023-01,1,0,0,0,0.0,0
10418,2023-01,0,0,0,0,0.0,0
10419,2023-02,1,1,1,1,756.2772473938148,1
10420,2023-02,0,0,0,0,0.0,0
10421,2023-05,1,0,0,0,0.0,0
10422,2023-03,0,0,0,0,0.0,0
10423,2023-06,1,1,0,0,0.0,0
10424,2023-04,1,1,1,1,756.2772473938148,1
10425,2023-06,1,1,0,0,0.0,0
10426,2023-06,1,1,1,1,756.2772473938148,1
10427,2023-03,1,0,0,0,0.0,0
10428,2023-03,0,0,0,0,0.0,0
10429,2023-03,0,0,0,0,0.0,0
10430,2023-04,1,1,1,1,756.2772473938148,0
10431,2023-02,1,1,1,0,0.0,0
10432,2023-04,1,1,1,1,756.2772473938148,1
10433,2023-06,1,1,1,1,756.2772473938148,1
10434,2023-02,1,1,1,1,756.2772473938148,1
10435,2023-04,1,1,1,1,756.2772473938148,0
10436,2023-03,1,0,0,0,0.0,0
10437,2023-04,1,1,0,0,0.0,0
10438,2023-02,1,1,1,1,756.2772473938148,1
10439,2023-02,1,1,0,0,0.0,0
10440,2023-06,1,0,0,0,0.0,0
10441,2023-01,1,1,0,0,0.0,0
10442,2023-01,1,1,1,1,756.2772473938148,1
10443,2023-03,1,1,1,1,756.2772473938148,1
10444,2023-04,1,1,1,1,756.2772473938148,1
10445,2023-03,0,0,0,0,0.0,0
10446,2023-02,1,0,0,0,0.0,0
10447,2023-04,1,1,1,1,756.2772473938148,1
10448,2023-03,1,0,0,0,0.0,0
10449,2023-03,1,1,1,1,756.2772473938148,0
10450,2023-02,1,0,0,0,0.0,0
10451,2023-02,1,1,0,0,0.0,0
10452,2023-03,1,0,0,0,0.0,0
10453,2023-05,1,1,1,1,756.2772473938148,1
10454,2023-06,1,0,0,0,0.0,0
10455,2023-05,1,1,1,1,756.2772473938148,1
10456,2023-03,0,0,0,0,0.0,0
10457,2023-04,0,0,0,0,0.0,0
10458,2023-06,0,0,0,0,0.0,0
10459,2023-05,0,0,0,0,0.0,0
10460,2023-01,0,0,0,0,0.0,0
10461,2023-03,1,1,0,0,0.0,0
10462,2023-01,1,0,0,0,0.0,0
10463,2023-03,1,1,1,1,756.2772473938148,1
10464,2023-05,0,0,0,0,0.0,0
10465,2023-04,0,0,0,0,0.0,0
10466,2023-04,1,1,0,0,0.0,0
10467,2023-01,1,1,1,1,756.2772473938148,0
10468,2023-06,0,0,0,0,0.0,0
10469,2023-06,1,1,0,0,0.0,0
10470,2023-01,1,1,0,0,0.0,0
10471,2023-03,1,0,0,0,0.0,0
10472,2023-01,1,1,0,0,0.0,0
10473,2023-01,1,1,1,1,756.2772473938148,1
10474,2023-05,1,0,0,0,0.0,0
10475,2023-06,0,0,0,0,0.0,0
10476,2023-04,1,1,1,1,756.2772473938148,0
10477,2023-03,1,0,0,0,0.0,0
10478,2023-05,1,1,1,1,756.2772473938148,1
10479,2023-04,1,1,0,0,0.0,0
10480,2023-04,0,0,0,0,0.0,0
10481,2023-02,1,0,0,0,0.0,0
10482,2023-02,1,1,1,1,756.2772473938148,0
10483,2023-01,1,1,0,0,0.0,0
10484,2023-01,0,0,0,0,0.0,0
10485,2023-02,1,0,0,0,0.0,0
10486,2023-05,1,0,0,0,0.0,0
10487,2023-03,1,1,1,1,756.2772473938148,1
10488,2023-05,1,0,0,0,0.0,0
10489,2023-04,1,1,0,0,0.0,0
10490,2023-04,1,1,1,1,756.2772473938148,1
10491,2023-05,1,1,0,0,0.0,0
10492,2023-01,1,0,0,0,0.0,0
10493,2023-04,1,1,1,1,756.2772473938148,0
10494,2023-05,1,1,1,1,756.2772473938148,0
10495,2023-02,0,0,0,0,0.0,0
10496,2023-03,1,1,1,1,756.2772473938148,1
10497,2023-05,1,1,0,0,0.0,0
10498,2023-06,1,0,0,0,0.0,0
10499,2023-03,1,0,0,0,0.0,0
10500,2023-01,0,0,0,0,0.0,0
10501,2023-05,1,0,0,0,0.0,0
10502,2023-01,0,0,0,0,0.0,0
10503,2023-04,1,0,0,0,0.0,0
10504,2023-06,1,1,0,0,0.0,0
10505,2023-03,1,0,0,0,0.0,0
10506,2023-03,0,0,0,0,0.0,0
10507,2023-04,1,0,0,0,0.0,0
10508,2023-05,1,0,0,0,0.0,0
10509,2023-02,0,0,0,0,0.0,0
10510,2023-02,1,0,0,0,0.0,0
10511,2023-06,1,1,0,0,0.0,0
10512,2023-03,1,1,0,0,0.0,0
10513,2023-05,1,0,0,0,0.0,0
10514,2023-03,1,1,1,1,756.2772473938148,1
10515,2023-03,0,0,0,0,0.0,0
10516,2023-01,1,1,0,0,0.0,0
10517,2023-02,1,1,0,0,0.0,0
10518,2023-05,1,0,0,0,0.0,0
10519,2023-06,1,0,0,0,0.0,0
10520,2023-03,0,0,0,0,0.0,0
10521,2023-05,1,1,1,1,756.2772473938148,0
10522,2023-06,1,1,0,0,0.0,0
10523,2023-05,1,1,1,1,756.2772473938148,0
10524,2023-05,1,1,0,0,0.0,0
10525,2023-02,0,0,0,0,0.0,0
10526,2023-04,1,0,0,0,0.0,0
10527,2023-02,0,0,0,0,0.0,0
10528,2023-05,0,0,0,0,0.0,0
10529,2023-02,1,0,0,0,0.0,0
10530,2023-06,0,0,0,0,0.0,0
10531,2023-06,1,1,1,1,756.2772473938148,1
10532,2023-01,1,0,0,0,0.0,0
10533,2023-02,0,0,0,0,0.0,0
10534,2023-05,0,0,0,0,0.0,0
10535,2023-06,1,1,1,1,756.2772473938148,0
10536,2023-02,0,0,0,0,0.0,0
10537,2023-01,1,1,0,0,0.0,0
10538,2023-01,1,1,1,1,756.2772473938148,1
10539,2023-02,1,1,1,1,756.2772473938148,1
10540,2023-05,1,1,0,0,0.0,0
10541,2023-05,1,0,0,0,0.0,0
10542,2023-03,1,0,0,0,0.0,0
10543,2023-05,1,1,1,1,756.2772473938148,1
10544,2023-06,1,1,1,1,756.2772473938148,1
10545,2023-04,1,1,0,0,0.0,0
10546,2023-06,1,0,0,0,0.0,0
10547,2023-05,1,0,0,0,0.0,0
10548,2023-04,1,0,0,0,0.0,0
10549,2023-04,1,1,0,0,0.0,0
10550,2023-03,1,1,0,0,0.0,0
10551,2023-06,1,1,0,0,0.0,0
10552,2023-03,1,1,1,1,756.2772473938148,1
10553,2023-05,1,1,1,1,756.2772473938148,1
10554,2023-05,1,1,0,0,0.0,0
10555,2023-04,1,1,1,1,756.2772473938148,1
10556,2023-03,1,1,1,1,756.2772473938148,1
10557,2023-03,1,1,0,0,0.0,0
10558,2023-05,1,1,1,1,756.2772473938148,0
10559,2023-01,1,0,0,0,0.0,0
10560,2023-01,1,1,1,1,756.2772473938148,1
10561,2023-06,0,0,0,0,0.0,0
10562,2023-01,1,1,0,0,0.0,0
10563,2023-03,0,0,0,0,0.0,0
10564,2023-01,1,0,0,0,0.0,0
10565,2023-06,0,0,0,0,0.0,0
10566,2023-06,1,1,1,1,756.2772473938148,1
10567,2023-01,1,1,1,1,756.2772473938148,1
10568,2023-05,1,1,0,0,0.0,0
10569,2023-05,0,0,0,0,0.0,0
10570,2023-02,1,1,1,1,756.2772473938148,1
10571,2023-01,0,0,0,0,0.0,0
10572,2023-04,0,0,0,0,0.0,0
10573,2023-01,1,0,0,0,0.0,0
10574,2023-01,1,1,0,0,0.0,0
10575,2023-06,1,1,0,0,0.0,0
10576,2023-06,1,0,0,0,0.0,0
10577,2023-01,1,1,0,0,0.0,0
10578,2023-01,0,0,0,0,0.0,0
10579,2023-05,1,1,0,0,0.0,0
10580,2023-05,1,1,1,1,756.2772473938148,1
10581,2023-01,1,1,1,1,756.2772473938148,1
10582,2023-02,1,0,0,0,0.0,0
10583,2023-02,1,1,0,0,0.0,0
10584,2023-01,1,1,1,1,756.2772473938148,1
10585,2023-04,1,1,0,0,0.0,0
10586,2023-06,1,0,0,0,0.0,0
10587,2023-06,1,1,1,1,756.2772473938148,0
10588,2023-05,1,0,0,0,0.0,0
10589,2023-06,0,0,0,0,0.0,0
10590,2023-03,1,1,0,0,0.0,0
10591,2023-04,0,0,0,0,0.0,0
10592,2023-06,1,1,1,1,756.2772473938148,1
10593,2023-06,1,0,0,0,0.0,0
10594,2023-05,1,0,0,0,0.0,0
10595,2023-03,1,1,1,1,756.2772473938148,1
10596,2023-06,1,0,0,0,0.0,0
10597,2023-06,1,1,1,1,756.2772473938148,1
10598,2023-02,1,1,1,1,756.2772473938148,1
10599,2023-06,1,0,0,0,0.0,0
10600,2023-06,1,1,0,0,0.0,0
10601,2023-02,1,1,1,1,756.2772473938148,1
10602,2023-05,1,1,1,1,756.2772473938148,1
10603,2023-05,0,0,0,0,0.0,0
10604,2023-03,1,1,0,0,0.0,0
10605,2023-02,1,1,1,1,756.2772473938148,1
10606,2023-06,0,0,0,0,0.0,0
10607,2023-06,1,1,0,0,0.0,0
10608,2023-04,1,0,0,0,0.0,0
10609,2023-02,1,0,0,0,0.0,0
10610,2023-03,1,0,0,0,0.0,0
10611,2023-02,1,1,1,1,756.2772473938148,1
10612,2023-04,1,1,1,1,756.2772473938148,0
10613,2023-02,0,0,0,0,0.0,0
10614,2023-04,1,0,0,0,0.0,0
10615,2023-01,0,0,0,0,0.0,0
10616,2023-04,1,0,0,0,0.0,0
10617,2023-06,1,1,1,1,756.2772473938148,1
10618,2023-04,0,0,0,0,0.0,0
10619,2023-05,1,1,0,0,0.0,0
10620,2023-06,1,1,1,1,756.2772473938148,0
10621,2023-02,1,1,1,1,756.2772473938148,1
10622,2023-02,1,1,0,0,0.0,0
10623,2023-05,0,0,0,0,0.0,0
10624,2023-02,0,0,0,0,0.0,0
10625,2023-01,1,1,1,1,756.2772473938148,1
10626,2023-03,1,0,0,0,0.0,0
10627,2023-02,1,1,1,1,756.2772473938148,0
10628,2023-04,1,0,0,0,0.0,0
10629,2023-01,0,0,0,0,0.0,0
10630,2023-06,1,0,0,0,0.0,0
10631,2023-04,1,1,0,0,0.0,0
10632,2023-06,1,0,0,0,0.0,0
10633,2023-04,1,1,1,1,756.2772473938148,1
10634,2023-01,0,0,0,0,0.0,0
10635,2023-01,1,1,0,0,0.0,0
10636,2023-02,1,0,0,0,0.0,0
10637,2023-03,1,1,1,1,756.2772473938148,1
10638,2023-04,1,1,1,1,756.2772473938148,1
10639,2023-06,1,1,0,0,0.0,0
10640,2023-04,1,1,0,0,0.0,0
10641,2023-06,1,1,0,0,0.0,0
10642,2023-01,1,1,1,1,756.2772473938148,1
10643,2023-03,1,1,1,1,756.2772473938148,1
10644,2023-06,1,1,1,1,756.2772473938148,1
10645,2023-04,1,1,0,0,0.0,0
10646,2023-01,0,0,0,0,0.0,0
10647,2023-02,1,0,0,0,0.0,0
10648,2023-02,1,0,0,0,0.0,0
10649,2023-05,0,0,0,0,0.0,0
10650,2023-05,1,0,0,0,0.0,0
10651,2023-06,0,0,0,0,0.0,0
10652,2023-02,0,0,0,0,0.0,0
10653,2023-01,0,0,0,0,0.0,0
10654,2023-01,1,0,0,0,0.0,0
10655,2023-05,1,1,1,1,756.2772473938148,0
10656,2023-03,1,1,0,0,0.0,0
10657,2023-06,1,0,0,0,0.0,0
10658,2023-02,1,1,1,1,756.2772473938148,1
10659,2023-06,1,0,0,0,0.0,0
10660,2023-03,0,0,0,0,0.0,0
10661,2023-06,0,0,0,0,0.0,0
10662,2023-05,0,0,0,0,0.0,0
10663,2023-03,1,0,0,0,0.0,0
10664,2023-01,1,1,0,0,0.0,0
10665,2023-04,1,1,0,0,0.0,0
10666,2023-04,1,0,0,0,0.0,0
10667,2023-03,1,1,0,0,0.0,0
10668,2023-04,1,0,0,0,0.0,0
10669,2023-03,1,0,0,0,0.0,0
10670,2023-02,1,1,1,1,756.2772473938148,1
10671,2023-05,0,0,0,0,0.0,0
10672,2023-03,1,0,0,0,0.0,0
10673,2023-06,1,1,0,0,0.0,0
10674,2023-06,1,1,0,0,0.0,0
10675,2023-01,1,1,1,1,756.2772473938148,1
10676,2023-06,1,1,0,0,0.0,0
10677,2023-05,1,1,0,0,0.0,0
10678,2023-01,1,1,0,0,0.0,0
10679,2023-06,1,1,1,1,756.2772473938148,0
10680,2023-04,1,1,1,1,756.2772473938148,0
10681,2023-02,1,1,1,1,756.2772473938148,1
10682,2023-06,1,0,0,0,0.0,0
10683,2023-04,1,0,0,0,0.0,0
10684,2023-02,1,1,1,1,756.2772473938148,1
10685,2023-06,1,1,1,1,756.2772473938148,0
10686,2023-03,1,1,1,1,756.2772473938148,1
10687,2023-05,0,0,0,0,0.0,0
10688,2023-01,1,1,0,0,0.0,0
10689,2023-03,1,0,0,0,0.0,0
10690,2023-06,1,1,1,1,756.2772473938148,0
10691,2023-06,1,0,0,0,0.0,0
10692,2023-01,1,1,1,1,756.2772473938148,0
10693,2023-02,0,0,0,0,0.0,0
10694,2023-01,1,1,0,0,0.0,0
10695,2023-06,1,1,1,1,756.2772473938148,1
10696,2023-04,1,1,1,1,756.2772473938148,1
10697,2023-01,1,0,0,0,0.0,0
10698,2023-02,1,1,1,1,756.2772473938148,1
10699,2023-06,1,1,0,0,0.0,0
10700,2023-01,1,1,0,0,0.0,0
10701,2023-05,1,1,0,0,0.0,0
10702,2023-02,1,1,1,1,756.2772473938148,1
10703,2023-05,1,1,0,0,0.0,0
10704,2023-03,1,1,1,1,756.2772473938148,0
10705,2023-05,1,0,0,0,0.0,0
10706,2023-03,1,0,0,0,0.0,0
10707,2023-02,0,0,0,0,0.0,0
10708,2023-01,0,0,0,0,0.0,0
10709,2023-02,1,1,0,0,0.0,0
10710,2023-04,1,0,0,0,0.0,0
10711,2023-02,1,1,0,0,0.0,0
10712,2023-02,0,0,0,0,0.0,0
10713,2023-06,1,1,0,0,0.0,0
10714,2023-04,1,1,1,1,756.2772473938148,1
10715,2023-04,1,0,0,0,0.0,0
10716,2023-06,0,0,0,0,0.0,0
10717,2023-02,1,1,0,0,0.0,0
10718,2023-06,0,0,0,0,0.0,0
10719,2023-04,0,0,0,0,0.0,0
10720,2023-06,1,0,0,0,0.0,0
10721,2023-06,1,1,0,0,0.0,0
10722,2023-02,1,1,1,1,756.2772473938148,1
10723,2023-02,1,1,0,0,0.0,0
10724,2023-04,1,1,1,1,756.2772473938148,1
10725,2023-03,1,1,0,0,0.0,0
10726,2023-04,1,1,0,0,0.0,0
10727,2023-01,1,0,0,0,0.0,0
10728,2023-03,1,0,0,0,0.0,0
10729,2023-01,0,0,0,0,0.0,0
10730,2023-04,1,1,0,0,0.0,0
10731,2023-04,0,0,0,0,0.0,0
10732,2023-02,1,1,0,0,0.0,0
10733,2023-01,1,1,1,1,756.2772473938148,1
10734,2023-04,1,0,0,0,0.0,0
10735,2023-04,1,0,0,0,0.0,0
10736,2023-04,1,1,1,1,756.2772473938148,1
10737,2023-06,1,1,0,0,0.0,0
10738,2023-01,1,0,0,0,0.0,0
10739,2023-04,0,0,0,0,0.0,0
10740,2023-05,1,0,0,0,0.0,0
10741,2023-05,0,0,0,0,0.0,0
10742,2023-04,1,0,0,0,0.0,0
10743,2023-03,0,0,0,0,0.0,0
10744,2023-06,1,0,0,0,0.0,0
10745,2023-01,1,1,0,0,0.0,0
10746,2023-06,1,1,1,1,756.2772473938148,1
10747,2023-06,1,0,0,0,0.0,0
10748,2023-02,1,0,0,0,0.0,0
10749,2023-06,1,1,0,0,0.0,0
10750,2023-03,1,0,0,0,0.0,0
10751,2023-05,1,1,0,0,0.0,0
10752,2023-01,1,1,0,0,0.0,0
10753,2023-02,0,0,0,0,0.0,0
10754,2023-05,1,1,0,0,0.0,0
10755,2023-04,1,1,1,1,756.2772473938148,1
10756,2023-04,1,1,0,0,0.0,0
10757,2023-02,1,0,0,0,0.0,0
10758,2023-01,1,1,1,1,756.2772473938148,1
10759,2023-02,0,0,0,0,0.0,0
10760,2023-02,1,1,0,0,0.0,0
10761,2023-03,0,0,0,0,0.0,0
10762,2023-04,0,0,0,0,0.0,0
10763,2023-04,1,1,0,0,0.0,0
10764,2023-05,1,0,0,0,0.0,0
10765,2023-03,1,0,0,0,0.0,0
10766,2023-04,1,1,1,1,756.2772473938148,1
10767,2023-03,1,0,0,0,0.0,0
10768,2023-01,1,1,1,1,756.2772473938148,1
10769,2023-03,1,0,0,0,0.0,0
10770,2023-04,1,1,1,1,756.2772473938148,1
10771,2023-06,1,1,1,1,756.2772473938148,0
10772,2023-02,1,1,0,0,0.0,0
10773,2023-01,1,1,0,0,0.0,0
10774,2023-06,1,1,0,0,0.0,0
10775,2023-01,1,1,0,0,0.0,0
10776,2023-04,1,1,1,1,756.2772473938148,0
10777,2023-06,0,0,0,0,0.0,0
10778,2023-03,1,1,1,1,756.2772473938148,0
10779,2023-06,1,1,1,1,756.2772473938148,1
10780,2023-02,1,1,1,1,756.2772473938148,1
10781,2023-04,1,0,0,0,0.0,0
10782,2023-01,1,1,1,1,756.2772473938148,1
10783,2023-01,1,1,0,0,0.0,0
10784,2023-01,1,0,0,0,0.0,0
10785,2023-01,1,1,1,1,756.2772473938148,1
10786,2023-01,1,1,1,1,756.2772473938148,1
10787,2023-03,1,0,0,0,0.0,0
10788,2023-02,1,1,1,1,756.2772473938148,1
10789,2023-03,1,1,1,1,756.2772473938148,0
10790,2023-06,0,0,0,0,0.0,0
10791,2023-02,0,0,0,0,0.0,0
10792,2023-03,1,0,0,0,0.0,0
10793,2023-04,1,0,0,0,0.0,0
10794,2023-01,1,1,1,1,756.2772473938148,1
10795,2023-04,1,0,0,0,0.0,0
10796,2023-02,0,0,0,0,0.0,0
10797,2023-02,1,0,0,0,0.0,0
10798,2023-05,0,0,0,0,0.0,0
10799,2023-01,0,0,0,0,0.0,0
10800,2023-01,1,1,1,1,756.2772473938148,1
10801,2023-02,1,0,0,0,0.0,0
10802,2023-05,1,0,0,0,0.0,0
10803,2023-01,0,0,0,0,0.0,0
10804,2023-01,1,0,0,0,0.0,0
10805,2023-04,1,1,1,1,756.2772473938148,1
10806,2023-03,0,0,0,0,0.0,0
10807,2023-05,0,0,0,0,0.0,0
10808,2023-06,1,1,1,1,756.2772473938148,1
10809,2023-02,0,0,0,0,0.0,0
10810,2023-03,1,1,1,1,756.2772473938148,1
10811,2023-04,1,1,1,1,756.2772473938148,1
10812,2023-02,1,1,0,0,0.0,0
10813,2023-02,0,0,0,0,0.0,0
10814,2023-04,1,1,1,1,756.2772473938148,1
10815,2023-06,1,1,0,0,0.0,0
10816,2023-06,1,1,1,1,756.2772473938148,1
10817,2023-01,1,1,0,0,0.0,0
10818,2023-06,1,0,0,0,0.0,0
10819,2023-01,0,0,0,0,0.0,0
10820,2023-03,1,0,0,0,0.0,0
10821,2023-06,1,0,0,0,0.0,0
10822,2023-05,1,1,1,1,756.2772473938148,1
10823,2023-01,1,1,0,0,0.0,0
10824,2023-05,1,1,0,0,0.0,0
10825,2023-02,0,0,0,0,0.0,0
10826,2023-04,1,1,1,1,756.2772473938148,1
10827,2023-03,1,1,0,0,0.0,0
10828,2023-01,1,1,1,1,756.2772473938148,1
10829,2023-03,1,1,1,1,756.2772473938148,1
10830,2023-05,1,1,1,1,756.2772473938148,1
10831,2023-06,1,1,1,1,756.2772473938148,1
10832,2023-06,1,0,0,0,0.0,0
10833,2023-04,1,1,0,0,0.0,0
10834,2023-05,0,0,0,0,0.0,0
10835,2023-03,1,0,0,0,0.0,0
10836,2023-02,1,1,1,1,756.2772473938148,1
10837,2023-06,1,1,0,0,0.0,0
10838,2023-02,1,0,0,0,0.0,0
10839,2023-05,1,1,1,1,756.2772473938148,0
10840,2023-04,1,1,1,1,756.2772473938148,1
10841,2023-05,0,0,0,0,0.0,0
10842,2023-01,1,1,1,1,756.2772473938148,0
10843,2023-04,1,0,0,0,0.0,0
10844,2023-04,1,1,1,1,756.2772473938148,1
10845,2023-05,1,1,1,1,756.2772473938148,1
10846,2023-04,1,1,1,1,756.2772473938148,1
10847,2023-02,1,0,0,0,0.0,0
10848,2023-03,1,0,0,0,0.0,0
10849,2023-02,1,1,1,1,756.2772473938148,1
10850,2023-04,1,1,1,1,756.2772473938148,1
10851,2023-03,1,1,0,0,0.0,0
10852,2023-01,1,1,0,0,0.0,0
10853,2023-05,1,0,0,0,0.0,0
10854,2023-06,1,0,0,0,0.0,0
10855,2023-04,1,1,0,0,0.0,0
10856,2023-05,0,0,0,0,0.0,0
10857,2023-06,1,1,0,0,0.0,0
10858,2023-03,1,0,0,0,0.0,0
10859,2023-05,1,0,0,0,0.0,0
10860,2023-06,1,0,0,0,0.0,0
10861,2023-04,1,0,0,0,0.0,0
10862,2023-04,1,0,0,0,0.0,0
10863,2023-02,1,0,0,0,0.0,0
10864,2023-05,1,1,1,1,756.2772473938148,1
10865,2023-05,1,0,0,0,0.0,0
10866,2023-02,1,1,1,1,756.2772473938148,1
10867,2023-02,1,0,0,0,0.0,0
10868,2023-06,1,0,0,0,0.0,0
10869,2023-05,1,1,1,1,756.2772473938148,1
10870,2023-03,1,1,1,1,756.2772473938148,1
10871,2023-03,1,1,0,0,0.0,0
10872,2023-01,0,0,0,0,0.0,0
10873,2023-02,0,0,0,0,0.0,0
10874,2023-03,1,0,0,0,0.0,0
10875,2023-04,1,1,0,0,0.0,0
10876,2023-04,1,1,0,0,0.0,0
10877,2023-02,1,1,1,1,756.2772473938148,1
10878,2023-06,1,1,1,1,756.2772473938148,1
10879,2023-04,1,1,0,0,0.0,0
10880,2023-01,0,0,0,0,0.0,0
10881,2023-04,0,0,0,0,0.0,0
10882,2023-06,1,0,0,0,0.0,0
10883,2023-01,1,0,0,0,0.0,0
10884,2023-05,0,0,0,0,0.0,0
10885,2023-04,1,1,0,0,0.0,0
10886,2023-04,1,1,1,1,756.2772473938148,1
10887,2023-03,1,1,0,0,0.0,0
10888,2023-05,1,1,1,1,756.2772473938148,1
10889,2023-02,1,1,1,1,756.2772473938148,1
10890,2023-02,0,0,0,0,0.0,0
10891,2023-01,1,1,0,0,0.0,0
10892,2023-04,1,1,1,1,756.2772473938148,1
10893,2023-04,0,0,0,0,0.0,0
10894,2023-06,1,1,1,1,756.2772473938148,0
10895,2023-04,1,0,0,0,0.0,0
10896,2023-03,0,0,0,0,0.0,0
10897,2023-02,1,0,0,0,0.0,0
10898,2023-04,0,0,0,0,0.0,0
10899,2023-05,1,0,0,0,0.0,0
10900,2023-02,1,1,0,0,0.0,0
10901,2023-06,1,1,0,0,0.0,0
10902,2023-06,1,1,1,1,756.2772473938148,0
10903,2023-05,1,0,0,0,0.0,0
10904,2023-05,1,0,0,0,0.0,0
10905,2023-06,1,1,0,0,0.0,0
10906,2023-01,1,0,0,0,0.0,0
10907,2023-01,1,1,1,1,756.2772473938148,1
10908,2023-03,0,0,0,0,0.0,0
10909,2023-03,1,1,1,1,756.2772473938148,1
10910,2023-06,1,1,0,0,0.0,0
10911,2023-03,0,0,0,0,0.0,0
10912,2023-01,1,1,1,1,756.2772473938148,1
10913,2023-04,1,1,0,0,0.0,0
10914,2023-02,1,1,0,0,0.0,0
10915,2023-02,1,1,1,1,756.2772473938148,1
10916,2023-01,1,1,1,1,756.2772473938148,1
10917,2023-03,1,1,0,0,0.0,0
10918,2023-03,0,0,0,0,0.0,0
10919,2023-06,0,0,0,0,0.0,0
10920,2023-02,1,0,0,0,0.0,0
10921,2023-04,1,1,0,0,0.0,0
10922,2023-04,1,0,0,0,0.0,0
10923,2023-06,1,1,0,0,0.0,0
10924,2023-04,1,1,1,1,756.2772473938148,1
10925,2023-05,1,1,0,0,0.0,0
10926,2023-01,1,1,0,0,0.0,0
10927,2023-02,1,1,1,1,756.2772473938148,1
10928,2023-05,1,0,0,0,0.0,0
10929,2023-03,1,1,1,1,756.2772473938148,1
10930,2023-01,1,1,0,0,0.0,0
10931,2023-01,1,0,0,0,0.0,0
10932,2023-04,1,1,0,0,0.0,0
10933,2023-03,0,0,0,0,0.0,0
10934,2023-05,1,1,0,0,0.0,0
10935,2023-02,1,0,0,0,0.0,0
10936,2023-01,1,1,0,0,0.0,0
10937,2023-05,1,1,0,0,0.0,0
10938,2023-04,1,1,1,1,756.2772473938148,1
10939,2023-03,0,0,0,0,0.0,0
10940,2023-01,1,0,0,0,0.0,0
10941,2023-05,1,0,0,0,0.0,0
10942,2023-06,1,0,0,0,0.0,0
10943,2023-01,1,0,0,0,0.0,0
10944,2023-01,1,0,0,0,0.0,0
10945,2023-01,1,1,1,1,756.2772473938148,1
10946,2023-02,0,0,0,0,0.0,0
10947,2023-04,0,0,0,0,0.0,0
10948,2023-05,1,1,0,0,0.0,0
10949,2023-03,1,0,0,0,0.0,0
10950,2023-05,1,1,1,0,0.0,0
10951,2023-04,1,1,1,1,756.2772473938148,1
10952,2023-06,0,0,0,0,0.0,0
10953,2023-05,1,1,1,1,756.2772473938148,1
10954,2023-06,1,1,0,0,0.0,0
10955,2023-04,1,1,1,1,756.2772473938148,0
10956,2023-01,1,1,1,1,756.2772473938148,1
10957,2023-05,1,1,0,0,0.0,0
10958,2023-02,1,0,0,0,0.0,0
10959,2023-02,0,0,0,0,0.0,0
10960,2023-01,0,0,0,0,0.0,0
10961,2023-03,1,1,0,0,0.0,0
10962,2023-01,1,0,0,0,0.0,0
10963,2023-04,1,0,0,0,0.0,0
10964,2023-05,1,1,1,1,756.2772473938148,1
10965,2023-02,1,1,0,0,0.0,0
10966,2023-06,0,0,0,0,0.0,0
10967,2023-04,1,1,1,1,756.2772473938148,0
10968,2023-06,0,0,0,0,0.0,0
10969,2023-01,1,1,0,0,0.0,0
10970,2023-02,1,0,0,0,0.0,0
10971,2023-04,1,1,1,1,756.2772473938148,1
10972,2023-01,0,0,0,0,0.0,0
10973,2023-01,0,0,0,0,0.0,0
10974,2023-03,1,1,1,1,756.2772473938148,1
10975,2023-02,1,1,0,0,0.0,0
10976,2023-06,0,0,0,0,0.0,0
10977,2023-04,1,1,0,0,0.0,0
10978,2023-03,1,1,0,0,0.0,0
10979,2023-05,0,0,0,0,0.0,0
10980,2023-03,1,0,0,0,0.0,0
10981,2023-06,0,0,0,0,0.0,0
10982,2023-01,1,1,1,1,756.2772473938148,1
10983,2023-05,0,0,0,0,0.0,0
10984,2023-01,0,0,0,0,0.0,0
10985,2023-04,0,0,0,0,0.0,0
10986,2023-03,0,0,0,0,0.0,0
10987,2023-04,1,1,0,0,0.0,0
10988,2023-03,0,0,0,0,0.0,0
10989,2023-04,1,0,0,0,0.0,0
10990,2023-01,1,1,1,1,756.2772473938148,1
10991,2023-06,1,1,0,0,0.0,0
10992,2023-05,1,1,1,1,756.2772473938148,1
10993,2023-05,1,1,0,0,0.0,0
10994,2023-05,0,0,0,0,0.0,0
10995,2023-01,1,1,0,0,0.0,0
10996,2023-04,1,1,1,1,756.2772473938148,0
10997,2023-01,1,1,0,0,0.0,0
10998,2023-04,1,1,1,1,756.2772473938148,1
10999,2023-04,0,0,0,0,0.0,0
11000,2023-01,1,1,0,0,0.0,0
11001,2023-04,1,1,1,1,756.2772473938148,1
11002,2023-06,1,0,0,0,0.0,0
11003,2023-05,1,0,0,0,0.0,0
11004,2023-04,1,1,0,0,0.0,0
11005,2023-04,1,1,0,0,0.0,0
11006,2023-02,1,0,0,0,0.0,0
11007,2023-05,1,1,1,1,756.2772473938148,1
11008,2023-05,0,0,0,0,0.0,0
11009,2023-03,0,0,0,0,0.0,0
11010,2023-02,1,1,0,0,0.0,0
11011,2023-05,1,1,1,1,756.2772473938148,0
11012,2023-02,1,0,0,0,0.0,0
11013,2023-05,1,0,0,0,0.0,0
11014,2023-03,1,0,0,0,0.0,0
11015,2023-01,1,1,1,1,756.2772473938148,1
11016,2023-02,1,0,0,0,0.0,0
11017,2023-02,1,1,1,1,756.2772473938148,1
11018,2023-03,1,1,0,0,0.0,0
11019,2023-04,1,1,0,0,0.0,0
11020,2023-01,1,1,1,1,756.2772473938148,1
11021,2023-02,1,0,0,0,0.0,0
11022,2023-01,1,1,0,0,0.0,0
11023,2023-04,1,1,1,1,756.2772473938148,1
11024,2023-06,1,1,1,1,756.2772473938148,0
11025,2023-04,1,1,0,0,0.0,0
11026,2023-03,0,0,0,0,0.0,0
11027,2023-04,0,0,0,0,0.0,0
11028,2023-05,1,1,0,0,0.0,0
11029,2023-04,1,1,1,1,756.2772473938148,1
11030,2023-04,1,1,1,1,756.2772473938148,1
11031,2023-02,0,0,0,0,0.0,0
11032,2023-03,0,0,0,0,0.0,0
11033,2023-05,1,0,0,0,0.0,0
11034,2023-01,1,1,1,0,0.0,0
11035,2023-03,0,0,0,0,0.0,0
11036,2023-06,1,1,0,0,0.0,0
11037,2023-05,1,1,1,1,756.2772473938148,1
11038,2023-05,1,0,0,0,0.0,0
11039,2023-02,1,0,0,0,0.0,0
11040,2023-02,1,1,0,0,0.0,0
11041,2023-05,1,1,0,0,0.0,0
11042,2023-01,1,1,1,1,756.2772473938148,0
11043,2023-01,1,1,1,1,756.2772473938148,1
11044,2023-01,1,1,1,0,0.0,0
11045,2023-06,0,0,0,0,0.0,0
11046,2023-04,1,1,0,0,0.0,0
11047,2023-03,1,0,0,0,0.0,0
11048,2023-04,1,1,0,0,0.0,0
11049,2023-05,1,1,0,0,0.0,0
11050,2023-01,1,0,0,0,0.0,0
11051,2023-06,1,0,0,0,0.0,0
11052,2023-01,1,1,1,1,756.2772473938148,1
11053,2023-05,0,0,0,0,0.0,0
11054,2023-03,1,0,0,0,0.0,0
11055,2023-05,0,0,0,0,0.0,0
11056,2023-05,1,1,1,1,756.2772473938148,1
11057,2023-01,1,1,0,0,0.0,0
11058,2023-01,1,1,0,0,0.0,0
11059,2023-06,1,1,1,1,756.2772473938148,1
11060,2023-03,1,1,1,1,756.2772473938148,1
11061,2023-02,1,0,0,0,0.0,0
11062,2023-01,1,1,1,0,0.0,0
11063,2023-02,1,0,0,0,0.0,0
11064,2023-01,0,0,0,0,0.0,0
11065,2023-03,1,1,0,0,0.0,0
11066,2023-06,1,1,1,1,756.2772473938148,1
11067,2023-06,1,0,0,0,0.0,0
11068,2023-04,1,1,1,1,756.2772473938148,0
11069,2023-01,0,0,0,0,0.0,0
11070,2023-05,1,0,0,0,0.0,0
11071,2023-03,1,0,0,0,0.0,0
11072,2023-02,0,0,0,0,0.0,0
11073,2023-01,1,1,0,0,0.0,0
11074,2023-04,1,1,1,0,0.0,0
11075,2023-04,1,1,0,0,0.0,0
11076,2023-04,1,1,1,1,756.2772473938148,1
11077,2023-01,1,0,0,0,0.0,0
11078,2023-06,1,0,0,0,0.0,0
11079,2023-04,0,0,0,0,0.0,0
11080,2023-05,1,1,1,1,756.2772473938148,1
11081,2023-02,1,0,0,0,0.0,0
11082,2023-06,1,1,0,0,0.0,0
11083,2023-02,1,0,0,0,0.0,0
11084,2023-05,1,1,1,1,756.2772473938148,1
11085,2023-02,1,1,1,1,756.2772473938148,1
11086,2023-04,1,1,1,1,756.2772473938148,0
11087,2023-04,1,1,0,0,0.0,0
11088,2023-05,1,1,1,0,0.0,0
11089,2023-03,1,1,0,0,0.0,0
11090,2023-05,1,1,1,1,756.2772473938148,1
11091,2023-05,0,0,0,0,0.0,0
11092,2023-01,1,0,0,0,0.0,0
11093,2023-01,0,0,0,0,0.0,0
11094,2023-03,1,0,0,0,0.0,0
11095,2023-05,0,0,0,0,0.0,0
11096,2023-01,1,1,1,1,756.2772473938148,1
11097,2023-05,1,0,0,0,0.0,0
11098,2023-03,0,0,0,0,0.0,0
11099,2023-01,1,1,1,1,756.2772473938148,1
11100,2023-01,1,0,0,0,0.0,0
11101,2023-02,0,0,0,0,0.0,0
11102,2023-06,1,1,1,1,756.2772473938148,1
11103,2023-04,1,1,1,0,0.0,0
11104,2023-05,1,0,0,0,0.0,0
11105,2023-03,0,0,0,0,0.0,0
11106,2023-05,1,0,0,0,0.0,0
11107,2023-05,1,1,1,1,756.2772473938148,1
11108,2023-05,0,0,0,0,0.0,0
11109,2023-03,1,1,1,1,756.2772473938148,0
11110,2023-04,1,1,1,1,756.2772473938148,1
11111,2023-05,1,1,0,0,0.0,0
11112,2023-06,1,0,0,0,0.0,0
11113,2023-01,1,1,0,0,0.0,0
11114,2023-02,1,1,1,0,0.0,0
11115,2023-04,1,1,1,1,756.2772473938148,0
11116,2023-04,1,1,1,0,0.0,0
11117,2023-05,1,1,0,0,0.0,0
11118,2023-03,1,1,0,0,0.0,0
11119,2023-04,1,0,0,0,0.0,0
11120,2023-02,1,1,1,1,756.2772473938148,1
11121,2023-02,1,1,1,1,756.2772473938148,1
11122,2023-06,1,1,0,0,0.0,0
11123,2023-06,1,0,0,0,0.0,0
11124,2023-03,1,0,0,0,0.0,0
11125,2023-05,1,1,1,1,756.2772473938148,1
11126,2023-02,1,1,0,0,0.0,0
11127,2023-01,1,1,0,0,0.0,0
11128,2023-02,1,0,0,0,0.0,0
11129,2023-06,1,1,0,0,0.0,0
11130,2023-04,1,0,0,0,0.0,0
11131,2023-05,0,0,0,0,0.0,0
11132,2023-06,0,0,0,0,0.0,0
11133,2023-04,0,0,0,0,0.0,0
11134,2023-02,1,1,1,1,756.2772473938148,1
11135,2023-06,0,0,0,0,0.0,0
11136,2023-06,0,0,0,0,0.0,0
11137,2023-03,1,1,1,1,756.2772473938148,1
11138,2023-04,0,0,0,0,0.0,0
11139,2023-06,1,1,1,1,756.2772473938148,0
11140,2023-04,1,1,1,1,756.2772473938148,0
11141,2023-03,1,1,1,1,756.2772473938148,1
11142,2023-01,1,1,1,1,756.2772473938148,1
11143,2023-02,1,0,0,0,0.0,0
11144,2023-03,1,1,1,1,756.2772473938148,1
11145,2023-03,0,0,0,0,0.0,0
11146,2023-05,0,0,0,0,0.0,0
11147,2023-04,0,0,0,0,0.0,0
11148,2023-02,1,1,1,1,756.2772473938148,1
11149,2023-06,1,1,1,1,756.2772473938148,1
11150,2023-06,0,0,0,0,0.0,0
11151,2023-03,1,1,0,0,0.0,0
11152,2023-02,1,0,0,0,0.0,0
11153,2023-06,1,1,1,1,756.2772473938148,1
11154,2023-04,1,0,0,0,0.0,0
11155,2023-04,1,1,1,1,756.2772473938148,1
11156,2023-02,0,0,0,0,0.0,0
11157,2023-06,1,1,0,0,0.0,0
11158,2023-01,0,0,0,0,0.0,0
11159,2023-01,0,0,0,0,0.0,0
11160,2023-06,1,0,0,0,0.0,0
11161,2023-06,0,0,0,0,0.0,0
11162,2023-06,1,1,0,0,0.0,0
11163,2023-06,1,1,0,0,0.0,0
11164,2023-05,1,1,1,1,756.2772473938148,0
11165,2023-02,1,1,1,1,756.2772473938148,1
11166,2023-04,1,0,0,0,0.0,0
11167,2023-05,1,1,1,1,756.2772473938148,1
11168,2023-03,1,1,1,1,756.2772473938148,1
11169,2023-04,1,1,1,1,756.2772473938148,1
11170,2023-05,0,0,0,0,0.0,0
11171,2023-02,1,1,0,0,0.0,0
11172,2023-06,0,0,0,0,0.0,0
11173,2023-03,1,0,0,0,0.0,0
11174,2023-02,1,1,1,1,756.2772473938148,1
11175,2023-06,1,1,1,1,756.2772473938148,1
11176,2023-02,1,0,0,0,0.0,0
11177,2023-04,1,1,1,1,756.2772473938148,1
11178,2023-06,0,0,0,0,0.0,0
11179,2023-06,0,0,0,0,0.0,0
11180,2023-01,1,1,1,1,756.2772473938148,1
11181,2023-03,1,1,0,0,0.0,0
11182,2023-04,1,1,0,0,0.0,0
11183,2023-01,1,1,1,1,756.2772473938148,1
11184,2023-02,0,0,0,0,0.0,0
11185,2023-03,1,1,1,1,756.2772473938148,1
11186,2023-01,1,1,1,1,756.2772473938148,1
11187,2023-04,1,1,1,1,756.2772473938148,1
11188,2023-03,0,0,0,0,0.0,0
11189,2023-05,0,0,0,0,0.0,0
11190,2023-06,1,1,0,0,0.0,0
11191,2023-01,1,1,1,1,756.2772473938148,1
11192,2023-05,1,0,0,0,0.0,0
11193,2023-04,1,0,0,0,0.0,0
11194,2023-05,0,0,0,0,0.0,0
11195,2023-06,1,1,1,1,756.2772473938148,1
11196,2023-01,1,1,0,0,0.0,0
11197,2023-04,1,0,0,0,0.0,0
11198,2023-04,1,1,0,0,0.0,0
11199,2023-05,1,1,1,1,756.2772473938148,1
11200,2023-03,1,1,0,0,0.0,0
11201,2023-03,1,1,1,1,756.2772473938148,0
11202,2023-06,1,0,0,0,0.0,0
11203,2023-01,1,1,1,1,756.2772473938148,1
11204,2023-01,1,0,0,0,0.0,0
11205,2023-03,1,0,0,0,0.0,0
11206,2023-03,1,1,0,0,0.0,0
11207,2023-03,1,1,1,1,756.2772473938148,0
11208,2023-01,1,1,0,0,0.0,0
11209,2023-02,1,1,0,0,0.0,0
11210,2023-01,1,1,0,0,0.0,0
11211,2023-03,1,1,0,0,0.0,0
11212,2023-02,1,0,0,0,0.0,0
11213,2023-06,1,1,1,1,756.2772473938148,1
11214,2023-04,1,0,0,0,0.0,0
11215,2023-01,1,0,0,0,0.0,0
11216,2023-01,1,0,0,0,0.0,0
11217,2023-03,1,1,0,0,0.0,0
11218,2023-06,1,1,0,0,0.0,0
11219,2023-02,1,0,0,0,0.0,0
11220,2023-05,0,0,0,0,0.0,0
11221,2023-06,1,0,0,0,0.0,0
11222,2023-05,1,1,0,0,0.0,0
11223,2023-02,0,0,0,0,0.0,0
11224,2023-05,1,1,1,1,756.2772473938148,1
11225,2023-04,1,1,0,0,0.0,0
11226,2023-06,1,1,0,0,0.0,0
11227,2023-04,1,1,1,1,756.2772473938148,1
11228,2023-01,1,1,1,1,756.2772473938148,1
11229,2023-05,1,1,0,0,0.0,0
11230,2023-03,1,1,0,0,0.0,0
11231,2023-01,1,1,1,1,756.2772473938148,1
11232,2023-02,1,1,1,1,756.2772473938148,1
11233,2023-04,1,1,1,1,756.2772473938148,0
11234,2023-03,1,0,0,0,0.0,0
11235,2023-03,0,0,0,0,0.0,0
11236,2023-02,0,0,0,0,0.0,0
11237,2023-01,1,1,1,1,756.2772473938148,1
11238,2023-01,1,1,0,0,0.0,0
11239,2023-06,1,0,0,0,0.0,0
11240,2023-01,1,1,1,1,756.2772473938148,0
11241,2023-02,1,0,0,0,0.0,0
11242,2023-02,0,0,0,0,0.0,0
11243,2023-05,1,1,0,0,0.0,0
11244,2023-01,1,1,0,0,0.0,0
11245,2023-01,1,1,0,0,0.0,0
11246,2023-01,0,0,0,0,0.0,0
11247,2023-04,1,0,0,0,0.0,0
11248,2023-04,1,1,0,0,0.0,0
11249,2023-01,1,1,1,1,756.2772473938148,1
11250,2023-01,1,1,1,1,756.2772473938148,1
11251,2023-01,1,1,1,1,756.2772473938148,1
11252,2023-03,1,0,0,0,0.0,0
11253,2023-03,1,0,0,0,0.0,0
11254,2023-06,1,1,1,1,756.2772473938148,0
11255,2023-01,1,0,0,0,0.0,0
11256,2023-02,1,1,0,0,0.0,0
11257,2023-01,1,1,0,0,0.0,0
11258,2023-05,0,0,0,0,0.0,0
11259,2023-03,1,1,1,1,756.2772473938148,1
11260,2023-04,1,1,1,1,756.2772473938148,1
11261,2023-04,0,0,0,0,0.0,0
11262,2023-02,1,1,0,0,0.0,0
11263,2023-06,1,1,0,0,0.0,0
11264,2023-01,1,0,0,0,0.0,0
11265,2023-01,1,0,0,0,0.0,0
11266,2023-05,1,1,0,0,0.0,0
11267,2023-04,1,1,1,1,756.2772473938148,0
11268,2023-03,1,1,1,1,756.2772473938148,1
11269,2023-03,1,1,0,0,0.0,0
11270,2023-03,0,0,0,0,0.0,0
11271,2023-06,1,1,1,1,756.2772473938148,0
11272,2023-05,1,1,0,0,0.0,0
11273,2023-06,1,0,0,0,0.0,0
11274,2023-05,1,1,1,1,756.2772473938148,1
11275,2023-01,0,0,0,0,0.0,0
11276,2023-05,1,1,1,1,756.2772473938148,1
11277,2023-03,1,0,0,0,0.0,0
11278,2023-01,1,1,0,0,0.0,0
11279,2023-05,1,0,0,0,0.0,0
11280,2023-06,1,1,1,1,756.2772473938148,1
11281,2023-06,1,1,1,1,756.2772473938148,1
11282,2023-02,1,0,0,0,0.0,0
11283,2023-03,1,1,0,0,0.0,0
11284,2023-02,1,1,1,1,756.2772473938148,1
11285,2023-04,1,0,0,0,0.0,0
11286,2023-02,0,0,0,0,0.0,0
11287,2023-03,1,0,0,0,0.0,0
11288,2023-05,1,1,0,0,0.0,0
11289,2023-03,1,1,1,1,756.2772473938148,1
11290,2023-01,0,0,0,0,0.0,0
11291,2023-01,1,1,1,1,756.2772473938148,0
11292,2023-04,1,0,0,0,0.0,0
11293,2023-04,1,1,1,1,756.2772473938148,1
11294,2023-03,1,1,0,0,0.0,0
11295,2023-02,1,1,1,1,756.2772473938148,1
11296,2023-02,0,0,0,0,0.0,0
11297,2023-02,1,1,1,1,756.2772473938148,1
11298,2023-06,1,0,0,0,0.0,0
11299,2023-02,1,1,1,1,756.2772473938148,1
11300,2023-05,1,1,0,0,0.0,0
11301,2023-04,0,0,0,0,0.0,0
11302,2023-02,0,0,0,0,0.0,0
11303,2023-01,1,1,1,1,756.2772473938148,1
11304,2023-01,1,1,0,0,0.0,0
11305,2023-03,1,0,0,0,0.0,0
11306,2023-03,1,1,1,1,756.2772473938148,1
11307,2023-04,1,1,1,1,756.2772473938148,0
11308,2023-01,1,0,0,0,0.0,0
11309,2023-02,0,0,0,0,0.0,0
11310,2023-05,1,1,1,1,756.2772473938148,1
11311,2023-06,1,1,0,0,0.0,0
11312,2023-03,1,1,1,1,756.2772473938148,1
11313,2023-06,1,1,1,1,756.2772473938148,1
11314,2023-05,1,1,0,0,0.0,0
11315,2023-06,1,0,0,0,0.0,0
11316,2023-03,1,1,1,1,756.2772473938148,1
11317,2023-05,1,1,1,1,756.2772473938148,1
11318,2023-05,1,1,1,1,756.2772473938148,1
11319,2023-06,1,0,0,0,0.0,0
11320,2023-06,1,1,1,1,756.2772473938148,1
11321,2023-03,1,1,1,0,0.0,0
11322,2023-03,1,1,0,0,0.0,0
11323,2023-04,1,0,0,0,0.0,0
11324,2023-02,1,1,1,1,756.2772473938148,1
11325,2023-06,1,0,0,0,0.0,0
11326,2023-02,1,1,1,1,756.2772473938148,1
11327,2023-06,1,0,0,0,0.0,0
11328,2023-05,1,1,1,1,756.2772473938148,1
11329,2023-04,1,1,0,0,0.0,0
11330,2023-03,0,0,0,0,0.0,0
11331,2023-03,1,0,0,0,0.0,0
11332,2023-05,1,0,0,0,0.0,0
11333,2023-04,1,0,0,0,0.0,0
11334,2023-05,1,1,1,1,756.2772473938148,1
11335,2023-02,1,1,0,0,0.0,0
11336,2023-03,1,1,1,1,756.2772473938148,1
11337,2023-04,1,1,1,1,756.2772473938148,0
11338,2023-03,0,0,0,0,0.0,0
11339,2023-05,0,0,0,0,0.0,0
11340,2023-04,1,1,1,1,756.2772473938148,0
11341,2023-06,1,0,0,0,0.0,0
11342,2023-02,1,1,0,0,0.0,0
11343,2023-06,1,1,0,0,0.0,0
11344,2023-04,1,1,0,0,0.0,0
11345,2023-05,1,1,0,0,0.0,0
11346,2023-03,1,1,0,0,0.0,0
11347,2023-05,1,1,0,0,0.0,0
11348,2023-04,1,0,0,0,0.0,0
11349,2023-06,1,0,0,0,0.0,0
11350,2023-04,0,0,0,0,0.0,0
11351,2023-06,0,0,0,0,0.0,0
11352,2023-05,1,0,0,0,0.0,0
11353,2023-02,1,0,0,0,0.0,0
11354,2023-02,0,0,0,0,0.0,0
11355,2023-01,1,0,0,0,0.0,0
11356,2023-01,1,0,0,0,0.0,0
11357,2023-06,1,0,0,0,0.0,0
11358,2023-03,1,0,0,0,0.0,0
11359,2023-03,1,1,1,1,756.2772473938148,1
11360,2023-03,0,0,0,0,0.0,0
11361,2023-03,1,1,0,0,0.0,0
11362,2023-01,1,1,0,0,0.0,0
11363,2023-02,1,1,1,1,756.2772473938148,1
11364,2023-06,1,1,1,0,0.0,0
11365,2023-03,1,1,1,1,756.2772473938148,1
11366,2023-06,1,0,0,0,0.0,0
11367,2023-01,0,0,0,0,0.0,0
11368,2023-02,0,0,0,0,0.0,0
11369,2023-02,1,1,0,0,0.0,0
11370,2023-02,1,1,1,1,756.2772473938148,1
11371,2023-06,1,1,0,0,0.0,0
11372,2023-01,0,0,0,0,0.0,0
11373,2023-06,1,1,1,1,756.2772473938148,1
11374,2023-01,1,1,1,1,756.2772473938148,1
11375,2023-05,1,1,1,1,756.2772473938148,1
11376,2023-05,1,1,0,0,0.0,0
11377,2023-01,1,1,0,0,0.0,0
11378,2023-03,0,0,0,0,0.0,0
11379,2023-02,1,1,0,0,0.0,0
11380,2023-05,1,1,0,0,0.0,0
11381,2023-05,0,0,0,0,0.0,0
11382,2023-02,0,0,0,0,0.0,0
11383,2023-05,1,1,0,0,0.0,0
11384,2023-04,1,0,0,0,0.0,0
11385,2023-04,0,0,0,0,0.0,0
11386,2023-05,1,1,0,0,0.0,0
11387,2023-03,1,0,0,0,0.0,0
11388,2023-04,1,1,0,0,0.0,0
11389,2023-03,1,1,1,1,756.2772473938148,1
11390,2023-01,1,1,0,0,0.0,0
11391,2023-02,0,0,0,0,0.0,0
11392,2023-05,1,0,0,0,0.0,0
11393,2023-04,1,0,0,0,0.0,0
11394,2023-06,1,1,1,1,756.2772473938148,0
11395,2023-03,1,1,1,1,756.2772473938148,0
11396,2023-05,1,1,1,0,0.0,0
11397,2023-01,1,0,0,0,0.0,0
11398,2023-01,0,0,0,0,0.0,0
11399,2023-04,1,1,1,1,756.2772473938148,1
11400,2023-05,0,0,0,0,0.0,0
11401,2023-05,0,0,0,0,0.0,0
11402,2023-06,1,1,0,0,0.0,0
11403,2023-05,1,0,0,0,0.0,0
11404,2023-01,1,0,0,0,0.0,0
11405,2023-01,1,0,0,0,0.0,0
11406,2023-02,1,1,1,1,756.2772473938148,1
11407,2023-01,1,1,0,0,0.0,0
11408,2023-01,1,1,1,1,756.2772473938148,1
11409,2023-02,1,1,1,1,756.2772473938148,1
11410,2023-05,1,0,0,0,0.0,0
11411,2023-01,1,0,0,0,0.0,0
11412,2023-02,1,1,1,1,756.2772473938148,1
11413,2023-05,1,0,0,0,0.0,0
11414,2023-06,0,0,0,0,0.0,0
11415,2023-03,1,0,0,0,0.0,0
11416,2023-02,1,0,0,0,0.0,0
11417,2023-02,1,1,0,0,0.0,0
11418,2023-05,0,0,0,0,0.0,0
11419,2023-04,1,1,1,1,756.2772473938148,1
11420,2023-03,0,0,0,0,0.0,0
11421,2023-01,0,0,0,0,0.0,0
11422,2023-04,1,1,0,0,0.0,0
11423,2023-05,1,1,1,1,756.2772473938148,1
11424,2023-05,1,1,1,1,756.2772473938148,1
11425,2023-05,1,1,1,1,756.2772473938148,1
11426,2023-04,1,0,0,0,0.0,0
11427,2023-05,1,0,0,0,0.0,0
11428,2023-03,1,1,0,0,0.0,0
11429,2023-04,1,1,1,1,756.2772473938148,1
11430,2023-06,0,0,0,0,0.0,0
11431,2023-03,0,0,0,0,0.0,0
11432,2023-06,1,1,0,0,0.0,0
11433,2023-06,1,1,0,0,0.0,0
11434,2023-03,1,1,1,1,756.2772473938148,0
11435,2023-05,1,1,1,1,756.2772473938148,1
11436,2023-03,1,1,1,1,756.2772473938148,1
11437,2023-04,1,1,0,0,0.0,0
11438,2023-05,0,0,0,0,0.0,0
11439,2023-01,1,0,0,0,0.0,0
11440,2023-02,0,0,0,0,0.0,0
11441,2023-01,1,1,1,1,756.2772473938148,1
11442,2023-04,1,1,0,0,0.0,0
11443,2023-05,1,1,0,0,0.0,0
11444,2023-04,1,0,0,0,0.0,0
11445,2023-05,1,1,1,1,756.2772473938148,1
11446,2023-06,1,1,0,0,0.0,0
11447,2023-02,1,1,1,1,756.2772473938148,1
11448,2023-03,1,1,1,1,756.2772473938148,1
11449,2023-03,1,1,0,0,0.0,0
11450,2023-03,1,1,0,0,0.0,0
11451,2023-06,1,1,0,0,0.0,0
11452,2023-02,1,1,1,1,756.2772473938148,1
11453,2023-06,0,0,0,0,0.0,0
11454,2023-04,1,0,0,0,0.0,0
11455,2023-01,1,1,0,0,0.0,0
11456,2023-01,1,1,1,1,756.2772473938148,1
11457,2023-01,1,1,0,0,0.0,0
11458,2023-02,1,1,0,0,0.0,0
11459,2023-04,1,1,1,1,756.2772473938148,0
11460,2023-04,1,0,0,0,0.0,0
11461,2023-04,1,0,0,0,0.0,0
11462,2023-01,1,0,0,0,0.0,0
11463,2023-01,1,1,1,1,756.2772473938148,1
11464,2023-01,0,0,0,0,0.0,0
11465,2023-01,1,0,0,0,0.0,0
11466,2023-02,1,1,1,1,756.2772473938148,1
11467,2023-01,1,0,0,0,0.0,0
11468,2023-04,1,0,0,0,0.0,0
11469,2023-06,0,0,0,0,0.0,0
11470,2023-04,1,1,1,1,756.2772473938148,1
11471,2023-06,1,1,0,0,0.0,0
11472,2023-04,1,1,1,1,756.2772473938148,1
11473,2023-05,0,0,0,0,0.0,0
11474,2023-04,1,1,1,1,756.2772473938148,1
11475,2023-02,1,1,0,0,0.0,0
11476,2023-02,1,1,1,1,756.2772473938148,1
11477,2023-06,1,1,1,1,756.2772473938148,0
11478,2023-01,1,1,0,0,0.0,0
11479,2023-04,1,0,0,0,0.0,0
11480,2023-04,1,1,1,1,756.2772473938148,1
11481,2023-06,1,0,0,0,0.0,0
11482,2023-06,1,1,1,1,756.2772473938148,0
11483,2023-04,1,1,1,1,756.2772473938148,1
11484,2023-02,1,0,0,0,0.0,0
11485,2023-02,1,1,1,1,756.2772473938148,1
11486,2023-04,1,0,0,0,0.0,0
11487,2023-01,1,0,0,0,0.0,0
11488,2023-06,1,0,0,0,0.0,0
11489,2023-01,1,0,0,0,0.0,0
11490,2023-02,1,1,1,1,756.2772473938148,1
11491,2023-05,0,0,0,0,0.0,0
11492,2023-04,1,1,1,1,756.2772473938148,1
11493,2023-02,1,1,0,0,0.0,0
11494,2023-04,1,0,0,0,0.0,0
11495,2023-02,1,0,0,0,0.0,0
11496,2023-02,0,0,0,0,0.0,0
11497,2023-03,1,1,1,1,756.2772473938148,1
11498,2023-05,0,0,0,0,0.0,0
11499,2023-02,1,1,0,0,0.0,0
11500,2023-03,1,1,0,0,0.0,0
11501,2023-02,1,1,0,0,0.0,0
11502,2023-03,0,0,0,0,0.0,0
11503,2023-06,1,1,0,0,0.0,0
11504,2023-03,1,0,0,0,0.0,0
11505,2023-05,0,0,0,0,0.0,0
11506,2023-04,1,0,0,0,0.0,0
11507,2023-04,0,0,0,0,0.0,0
11508,2023-03,1,0,0,0,0.0,0
11509,2023-02,1,0,0,0,0.0,0
11510,2023-05,1,1,1,1,756.2772473938148,0
11511,2023-05,0,0,0,0,0.0,0
11512,2023-06,1,1,0,0,0.0,0
11513,2023-05,0,0,0,0,0.0,0
11514,2023-02,1,1,1,0,0.0,0
11515,2023-04,1,1,0,0,0.0,0
11516,2023-05,1,0,0,0,0.0,0
11517,2023-04,1,1,0,0,0.0,0
11518,2023-06,1,1,0,0,0.0,0
11519,2023-04,0,0,0,0,0.0,0
11520,2023-02,1,1,0,0,0.0,0
11521,2023-01,1,1,0,0,0.0,0
11522,2023-04,1,1,0,0,0.0,0
11523,2023-05,0,0,0,0,0.0,0
11524,2023-06,1,0,0,0,0.0,0
11525,2023-02,1,1,0,0,0.0,0
11526,2023-02,1,0,0,0,0.0,0
11527,2023-02,0,0,0,0,0.0,0
11528,2023-05,1,1,0,0,0.0,0
11529,2023-06,1,1,0,0,0.0,0
11530,2023-03,1,1,1,1,756.2772473938148,1
11531,2023-02,1,1,1,1,756.2772473938148,1
11532,2023-04,1,1,1,1,756.2772473938148,0
11533,2023-02,1,0,0,0,0.0,0
11534,2023-06,1,1,1,1,756.2772473938148,0
11535,2023-06,1,1,1,0,0.0,0
11536,2023-03,1,0,0,0,0.0,0
11537,2023-04,1,1,1,1,756.2772473938148,1
11538,2023-04,0,0,0,0,0.0,0
11539,2023-04,0,0,0,0,0.0,0
11540,2023-02,1,0,0,0,0.0,0
11541,2023-02,0,0,0,0,0.0,0
11542,2023-04,1,1,1,0,0.0,0
11543,2023-06,1,1,1,1,756.2772473938148,0
11544,2023-03,1,1,1,1,756.2772473938148,1
11545,2023-01,1,1,0,0,0.0,0
11546,2023-04,1,1,1,1,756.2772473938148,1
11547,2023-03,0,0,0,0,0.0,0
11548,2023-03,1,0,0,0,0.0,0
11549,2023-03,0,0,0,0,0.0,0
11550,2023-04,1,1,0,0,0.0,0
11551,2023-06,1,1,1,1,756.2772473938148,1
11552,2023-04,1,0,0,0,0.0,0
11553,2023-01,0,0,0,0,0.0,0
11554,2023-03,1,1,1,1,756.2772473938148,1
11555,2023-02,1,1,1,1,756.2772473938148,1
11556,2023-05,0,0,0,0,0.0,0
11557,2023-05,1,1,1,1,756.2772473938148,1
11558,2023-03,1,0,0,0,0.0,0
11559,2023-05,1,0,0,0,0.0,0
11560,2023-05,1,0,0,0,0.0,0
11561,2023-04,1,1,1,1,756.2772473938148,1
11562,2023-04,1,1,0,0,0.0,0
11563,2023-01,1,0,0,0,0.0,0
11564,2023-03,1,1,1,1,756.2772473938148,1
11565,2023-05,0,0,0,0,0.0,0
11566,2023-04,1,1,0,0,0.0,0
11567,2023-05,1,1,1,1,756.2772473938148,0
11568,2023-05,1,0,0,0,0.0,0
11569,2023-02,1,0,0,0,0.0,0
11570,2023-06,1,1,1,1,756.2772473938148,1
11571,2023-03,1,1,0,0,0.0,0
11572,2023-04,1,1,1,1,756.2772473938148,1
11573,2023-04,1,1,1,1,756.2772473938148,0
11574,2023-02,1,1,1,1,756.2772473938148,1
11575,2023-04,1,1,1,1,756.2772473938148,0
11576,2023-02,1,0,0,0,0.0,0
11577,2023-03,1,1,1,1,756.2772473938148,1
11578,2023-01,1,1,0,0,0.0,0
11579,2023-05,1,0,0,0,0.0,0
11580,2023-01,1,1,1,1,756.2772473938148,1
11581,2023-02,0,0,0,0,0.0,0
11582,2023-05,1,0,0,0,0.0,0
11583,2023-05,1,1,0,0,0.0,0
11584,2023-03,1,1,0,0,0.0,0
11585,2023-05,1,0,0,0,0.0,0
11586,2023-05,0,0,0,0,0.0,0
11587,2023-02,1,0,0,0,0.0,0
11588,2023-02,1,1,0,0,0.0,0
11589,2023-02,1,1,0,0,0.0,0
11590,2023-05,1,1,1,1,756.2772473938148,1
11591,2023-03,1,1,1,1,756.2772473938148,1
11592,2023-02,1,1,0,0,0.0,0
11593,2023-05,1,1,1,1,756.2772473938148,1
11594,2023-02,1,0,0,0,0.0,0
11595,2023-03,1,1,0,0,0.0,0
11596,2023-05,1,0,0,0,0.0,0
11597,2023-02,1,1,0,0,0.0,0
11598,2023-03,1,0,0,0,0.0,0
11599,2023-02,1,1,1,1,756.2772473938148,1
11600,2023-01,0,0,0,0,0.0,0
11601,2023-05,0,0,0,0,0.0,0
11602,2023-04,1,0,0,0,0.0,0
11603,2023-06,1,0,0,0,0.0,0
11604,2023-05,1,1,1,1,756.2772473938148,1
11605,2023-01,1,1,1,1,756.2772473938148,1
11606,2023-04,0,0,0,0,0.0,0
11607,2023-04,1,1,1,0,0.0,0
11608,2023-02,1,1,1,1,756.2772473938148,0
11609,2023-04,1,1,1,1,756.2772473938148,1
11610,2023-05,1,0,0,0,0.0,0
11611,2023-06,1,1,1,1,756.2772473938148,1
11612,2023-06,0,0,0,0,0.0,0
11613,2023-03,0,0,0,0,0.0,0
11614,2023-01,1,0,0,0,0.0,0
11615,2023-02,1,0,0,0,0.0,0
11616,2023-03,1,1,1,0,0.0,0
11617,2023-06,1,1,0,0,0.0,0
11618,2023-04,1,1,1,1,756.2772473938148,1
11619,2023-02,1,1,1,1,756.2772473938148,1
11620,2023-02,1,0,0,0,0.0,0
11621,2023-01,1,1,0,0,0.0,0
11622,2023-01,1,1,1,1,756.2772473938148,1
11623,2023-02,1,1,0,0,0.0,0
11624,2023-02,1,0,0,0,0.0,0
11625,2023-04,1,0,0,0,0.0,0
11626,2023-04,0,0,0,0,0.0,0
11627,2023-06,1,1,1,1,756.2772473938148,0
11628,2023-05,0,0,0,0,0.0,0
11629,2023-06,1,0,0,0,0.0,0
11630,2023-02,0,0,0,0,0.0,0
11631,2023-06,1,0,0,0,0.0,0
11632,2023-04,1,0,0,0,0.0,0
11633,2023-01,0,0,0,0,0.0,0
11634,2023-06,1,0,0,0,0.0,0
11635,2023-05,0,0,0,0,0.0,0
11636,2023-03,1,0,0,0,0.0,0
11637,2023-05,1,1,1,0,0.0,0
11638,2023-01,1,1,0,0,0.0,0
11639,2023-02,1,0,0,0,0.0,0
11640,2023-03,1,1,0,0,0.0,0
11641,2023-05,1,1,1,1,756.2772473938148,1
11642,2023-04,1,1,0,0,0.0,0
11643,2023-02,1,1,0,0,0.0,0
11644,2023-02,1,0,0,0,0.0,0
11645,2023-05,1,0,0,0,0.0,0
11646,2023-03,0,0,0,0,0.0,0
11647,2023-03,0,0,0,0,0.0,0
11648,2023-04,1,1,0,0,0.0,0
11649,2023-01,1,1,1,1,756.2772473938148,1
11650,2023-01,0,0,0,0,0.0,0
11651,2023-04,1,1,0,0,0.0,0
11652,2023-03,1,0,0,0,0.0,0
11653,2023-04,1,1,0,0,0.0,0
11654,2023-05,1,1,0,0,0.0,0
11655,2023-06,0,0,0,0,0.0,0
11656,2023-06,1,1,1,1,756.2772473938148,1
11657,2023-06,1,1,1,1,756.2772473938148,1
11658,2023-02,1,1,0,0,0.0,0
11659,2023-05,1,1,1,1,756.2772473938148,1
11660,2023-06,0,0,0,0,0.0,0
11661,2023-05,1,0,0,0,0.0,0
11662,2023-03,0,0,0,0,0.0,0
11663,2023-02,1,1,0,0,0.0,0
11664,2023-01,1,1,1,1,756.2772473938148,1
11665,2023-03,1,0,0,0,0.0,0
11666,2023-03,0,0,0,0,0.0,0
11667,2023-06,1,1,0,0,0.0,0
11668,2023-05,1,1,0,0,0.0,0
11669,2023-02,1,1,1,1,756.2772473938148,1
11670,2023-05,1,0,0,0,0.0,0
11671,2023-05,1,1,0,0,0.0,0
11672,2023-06,1,0,0,0,0.0,0
11673,2023-02,1,1,1,1,756.2772473938148,1
11674,2023-03,1,1,0,0,0.0,0
11675,2023-01,1,1,1,1,756.2772473938148,1
11676,2023-03,1,0,0,0,0.0,0
11677,2023-03,1,1,1,1,756.2772473938148,1
11678,2023-03,1,1,0,0,0.0,0
11679,2023-02,1,1,1,1,756.2772473938148,1
11680,2023-03,1,0,0,0,0.0,0
11681,2023-02,0,0,0,0,0.0,0
11682,2023-02,1,1,0,0,0.0,0
11683,2023-01,1,0,0,0,0.0,0
11684,2023-05,1,1,0,0,0.0,0
11685,2023-02,1,1,1,1,756.2772473938148,0
11686,2023-01,0,0,0,0,0.0,0
11687,2023-05,1,0,0,0,0.0,0
11688,2023-02,1,1,1,1,756.2772473938148,1
11689,2023-04,1,0,0,0,0.0,0
11690,2023-06,0,0,0,0,0.0,0
11691,2023-05,1,1,1,1,756.2772473938148,1
11692,2023-05,1,0,0,0,0.0,0
11693,2023-03,1,0,0,0,0.0,0
11694,2023-05,1,1,1,1,756.2772473938148,1
11695,2023-04,1,0,0,0,0.0,0
11696,2023-01,1,1,1,1,756.2772473938148,1
11697,2023-03,0,0,0,0,0.0,0
11698,2023-01,1,1,1,1,756.2772473938148,1
11699,2023-06,1,1,1,1,756.2772473938148,1
11700,2023-02,1,1,1,1,756.2772473938148,1
11701,2023-05,1,1,1,1,756.2772473938148,1
11702,2023-01,1,0,0,0,0.0,0
11703,2023-03,0,0,0,0,0.0,0
11704,2023-01,0,0,0,0,0.0,0
11705,2023-01,0,0,0,0,0.0,0
11706,2023-06,1,1,0,0,0.0,0
11707,2023-01,1,0,0,0,0.0,0
11708,2023-02,1,1,1,1,756.2772473938148,0
11709,2023-06,1,0,0,0,0.0,0
11710,2023-06,0,0,0,0,0.0,0
11711,2023-03,1,1,1,1,756.2772473938148,1
11712,2023-02,1,0,0,0,0.0,0
11713,2023-03,0,0,0,0,0.0,0
11714,2023-05,0,0,0,0,0.0,0
11715,2023-04,1,0,0,0,0.0,0
11716,2023-02,1,1,0,0,0.0,0
11717,2023-06,1,1,0,0,0.0,0
11718,2023-02,1,0,0,0,0.0,0
11719,2023-04,1,1,1,1,756.2772473938148,1
11720,2023-06,1,0,0,0,0.0,0
11721,2023-04,1,1,1,1,756.2772473938148,0
11722,2023-03,1,0,0,0,0.0,0
11723,2023-03,1,1,1,1,756.2772473938148,1
11724,2023-01,0,0,0,0,0.0,0
11725,2023-01,1,1,0,0,0.0,0
11726,2023-05,1,1,1,1,756.2772473938148,1
11727,2023-04,1,1,0,0,0.0,0
11728,2023-04,1,0,0,0,0.0,0
11729,2023-05,1,1,1,1,756.2772473938148,0
11730,2023-06,1,0,0,0,0.0,0
11731,2023-03,1,0,0,0,0.0,0
11732,2023-01,1,1,0,0,0.0,0
11733,2023-01,1,1,0,0,0.0,0
11734,2023-03,1,1,1,1,756.2772473938148,1
11735,2023-04,0,0,0,0,0.0,0
11736,2023-01,0,0,0,0,0.0,0
11737,2023-04,1,1,1,1,756.2772473938148,0
11738,2023-05,1,1,0,0,0.0,0
11739,2023-01,1,0,0,0,0.0,0
11740,2023-06,1,0,0,0,0.0,0
11741,2023-05,1,1,1,0,0.0,0
11742,2023-04,1,1,0,0,0.0,0
11743,2023-04,1,1,1,1,756.2772473938148,1
11744,2023-06,1,1,1,1,756.2772473938148,1
11745,2023-06,1,0,0,0,0.0,0
11746,2023-05,1,1,1,1,756.2772473938148,0
11747,2023-04,0,0,0,0,0.0,0
11748,2023-02,1,1,1,1,756.2772473938148,1
11749,2023-01,1,1,1,1,756.2772473938148,0
11750,2023-04,1,1,1,1,756.2772473938148,1
11751,2023-03,1,0,0,0,0.0,0
11752,2023-03,1,1,1,1,756.2772473938148,1
11753,2023-05,0,0,0,0,0.0,0
11754,2023-03,1,0,0,0,0.0,0
11755,2023-04,1,1,1,1,756.2772473938148,1
11756,2023-04,1,1,1,1,756.2772473938148,1
11757,2023-06,0,0,0,0,0.0,0
11758,2023-05,1,0,0,0,0.0,0
11759,2023-01,0,0,0,0,0.0,0
11760,2023-01,1,0,0,0,0.0,0
11761,2023-01,0,0,0,0,0.0,0
11762,2023-04,0,0,0,0,0.0,0
11763,2023-03,1,1,0,0,0.0,0
11764,2023-05,1,1,0,0,0.0,0
11765,2023-02,1,0,0,0,0.0,0
11766,2023-06,1,0,0,0,0.0,0
11767,2023-04,1,1,1,1,756.2772473938148,1
11768,2023-06,1,1,0,0,0.0,0
11769,2023-06,1,0,0,0,0.0,0
11770,2023-04,1,0,0,0,0.0,0
11771,2023-06,1,0,0,0,0.0,0
11772,2023-05,1,1,1,1,756.2772473938148,1
11773,2023-03,0,0,0,0,0.0,0
11774,2023-02,1,1,0,0,0.0,0
11775,2023-03,1,0,0,0,0.0,0
11776,2023-06,1,1,1,0,0.0,0
11777,2023-06,1,0,0,0,0.0,0
11778,2023-02,1,1,1,1,756.2772473938148,0
11779,2023-03,1,1,0,0,0.0,0
11780,2023-01,1,0,0,0,0.0,0
11781,2023-06,1,1,1,1,756.2772473938148,0
11782,2023-01,1,0,0,0,0.0,0
11783,2023-02,1,1,1,0,0.0,0
11784,2023-04,1,1,0,0,0.0,0
11785,2023-01,1,1,1,1,756.2772473938148,1
11786,2023-05,1,1,1,1,756.2772473938148,1
11787,2023-06,1,1,1,1,756.2772473938148,0
11788,2023-05,1,1,0,0,0.0,0
11789,2023-03,1,1,1,1,756.2772473938148,1
11790,2023-01,0,0,0,0,0.0,0
11791,2023-04,1,1,0,0,0.0,0
11792,2023-03,1,1,0,0,0.0,0
11793,2023-05,1,1,1,1,756.2772473938148,1
11794,2023-03,0,0,0,0,0.0,0
11795,2023-02,1,1,0,0,0.0,0
11796,2023-03,1,1,1,1,756.2772473938148,1
11797,2023-03,0,0,0,0,0.0,0
11798,2023-04,1,0,0,0,0.0,0
11799,2023-01,0,0,0,0,0.0,0
11800,2023-05,1,1,1,1,756.2772473938148,1
11801,2023-06,0,0,0,0,0.0,0
11802,2023-03,1,1,1,1,756.2772473938148,1
11803,2023-01,1,1,1,1,756.2772473938148,1
11804,2023-05,0,0,0,0,0.0,0
11805,2023-04,1,1,1,1,756.2772473938148,0
11806,2023-03,1,0,0,0,0.0,0
11807,2023-06,1,1,1,1,756.2772473938148,1
11808,2023-01,1,1,1,1,756.2772473938148,0
11809,2023-06,1,0,0,0,0.0,0
11810,2023-03,1,1,0,0,0.0,0
11811,2023-02,1,1,1,1,756.2772473938148,1
11812,2023-01,1,1,1,1,756.2772473938148,1
11813,2023-06,1,0,0,0,0.0,0
11814,2023-06,1,1,0,0,0.0,0
11815,2023-03,0,0,0,0,0.0,0
11816,2023-06,1,1,0,0,0.0,0
11817,2023-02,1,1,0,0,0.0,0
11818,2023-06,1,1,0,0,0.0,0
11819,2023-03,0,0,0,0,0.0,0
11820,2023-03,1,0,0,0,0.0,0
11821,2023-06,1,1,1,1,756.2772473938148,1
11822,2023-03,1,0,0,0,0.0,0
11823,2023-05,1,1,0,0,0.0,0
11824,2023-03,0,0,0,0,0.0,0
11825,2023-05,1,1,0,0,0.0,0
11826,2023-03,0,0,0,0,0.0,0
11827,2023-05,0,0,0,0,0.0,0
11828,2023-03,1,1,1,1,756.2772473938148,1
11829,2023-02,1,1,1,1,756.2772473938148,1
11830,2023-04,1,0,0,0,0.0,0
11831,2023-04,1,1,0,0,0.0,0
11832,2023-01,1,1,0,0,0.0,0
11833,2023-03,1,0,0,0,0.0,0
11834,2023-01,1,1,0,0,0.0,0
11835,2023-02,1,1,1,1,756.2772473938148,0
11836,2023-05,0,0,0,0,0.0,0
11837,2023-06,0,0,0,0,0.0,0
11838,2023-03,0,0,0,0,0.0,0
11839,2023-02,1,1,1,1,756.2772473938148,1
11840,2023-01,1,0,0,0,0.0,0
11841,2023-03,1,0,0,0,0.0,0
11842,2023-04,1,1,0,0,0.0,0
11843,2023-02,0,0,0,0,0.0,0
11844,2023-03,0,0,0,0,0.0,0
11845,2023-06,1,1,0,0,0.0,0
11846,2023-06,1,1,1,1,756.2772473938148,1
11847,2023-02,0,0,0,0,0.0,0
11848,2023-03,0,0,0,0,0.0,0
11849,2023-01,1,1,1,1,756.2772473938148,1
11850,2023-03,1,1,0,0,0.0,0
11851,2023-04,1,1,1,1,756.2772473938148,1
11852,2023-02,1,1,0,0,0.0,0
11853,2023-01,0,0,0,0,0.0,0
11854,2023-02,1,1,1,1,756.2772473938148,1
11855,2023-06,1,1,0,0,0.0,0
11856,2023-02,1,0,0,0,0.0,0
11857,2023-01,1,1,0,0,0.0,0
11858,2023-06,1,1,0,0,0.0,0
11859,2023-05,1,1,1,1,756.2772473938148,1
11860,2023-03,1,1,1,1,756.2772473938148,1
11861,2023-06,1,0,0,0,0.0,0
11862,2023-03,1,1,1,1,756.2772473938148,1
11863,2023-04,0,0,0,0,0.0,0
11864,2023-03,1,1,1,1,756.2772473938148,1
11865,2023-04,1,0,0,0,0.0,0
11866,2023-06,1,1,1,1,756.2772473938148,1
11867,2023-05,1,1,1,1,756.2772473938148,1
11868,2023-06,0,0,0,0,0.0,0
11869,2023-06,1,0,0,0,0.0,0
11870,2023-06,0,0,0,0,0.0,0
11871,2023-03,0,0,0,0,0.0,0
11872,2023-06,0,0,0,0,0.0,0
11873,2023-03,1,0,0,0,0.0,0
11874,2023-01,0,0,0,0,0.0,0
11875,2023-04,1,0,0,0,0.0,0
11876,2023-04,1,1,1,1,756.2772473938148,1
11877,2023-01,1,1,0,0,0.0,0
11878,2023-06,1,0,0,0,0.0,0
11879,2023-03,1,1,0,0,0.0,0
11880,2023-02,1,1,1,1,756.2772473938148,1
11881,2023-03,1,0,0,0,0.0,0
11882,2023-06,1,0,0,0,0.0,0
11883,2023-01,1,1,0,0,0.0,0
11884,2023-03,1,1,1,1,756.2772473938148,1
11885,2023-03,1,1,1,1,756.2772473938148,1
11886,2023-01,1,1,0,0,0.0,0
11887,2023-05,1,0,0,0,0.0,0
11888,2023-05,1,1,1,1,756.2772473938148,1
11889,2023-06,1,1,1,1,756.2772473938148,0
11890,2023-06,1,1,1,0,0.0,0
11891,2023-01,0,0,0,0,0.0,0
11892,2023-04,1,1,1,0,0.0,0
11893,2023-03,1,0,0,0,0.0,0
11894,2023-03,1,0,0,0,0.0,0
11895,2023-05,1,1,1,1,756.2772473938148,1
11896,2023-04,1,1,1,1,756.2772473938148,1
11897,2023-04,1,1,1,1,756.2772473938148,0
11898,2023-05,1,1,0,0,0.0,0
11899,2023-05,0,0,0,0,0.0,0
11900,2023-03,0,0,0,0,0.0,0
11901,2023-06,1,1,1,1,756.2772473938148,1
11902,2023-06,0,0,0,0,0.0,0
11903,2023-06,1,0,0,0,0.0,0
11904,2023-06,0,0,0,0,0.0,0
11905,2023-06,0,0,0,0,0.0,0
11906,2023-02,1,0,0,0,0.0,0
11907,2023-01,0,0,0,0,0.0,0
11908,2023-06,1,1,1,1,756.2772473938148,0
11909,2023-03,0,0,0,0,0.0,0
11910,2023-06,1,1,0,0,0.0,0
11911,2023-03,1,1,1,1,756.2772473938148,1
11912,2023-03,1,1,0,0,0.0,0
11913,2023-02,1,1,0,0,0.0,0
11914,2023-01,1,0,0,0,0.0,0
11915,2023-06,1,0,0,0,0.0,0
11916,2023-06,1,0,0,0,0.0,0
11917,2023-03,1,0,0,0,0.0,0
11918,2023-06,1,0,0,0,0.0,0
11919,2023-03,1,1,1,1,756.2772473938148,1
11920,2023-05,0,0,0,0,0.0,0
11921,2023-05,1,1,0,0,0.0,0
11922,2023-03,0,0,0,0,0.0,0
11923,2023-03,1,0,0,0,0.0,0
11924,2023-04,1,0,0,0,0.0,0
11925,2023-05,1,1,1,0,0.0,0
11926,2023-04,1,0,0,0,0.0,0
11927,2023-01,1,0,0,0,0.0,0
11928,2023-02,1,1,1,1,756.2772473938148,1
11929,2023-04,1,1,0,0,0.0,0
11930,2023-01,1,1,1,0,0.0,0
11931,2023-04,1,0,0,0,0.0,0
11932,2023-01,1,1,1,1,756.2772473938148,1
11933,2023-04,0,0,0,0,0.0,0
11934,2023-02,1,0,0,0,0.0,0
11935,2023-01,1,1,1,1,756.2772473938148,1
11936,2023-03,1,1,1,1,756.2772473938148,0
11937,2023-04,1,0,0,0,0.0,0
11938,2023-03,1,1,1,1,756.2772473938148,0
11939,2023-01,0,0,0,0,0.0,0
11940,2023-05,1,1,0,0,0.0,0
11941,2023-01,1,1,1,1,756.2772473938148,1
11942,2023-06,1,1,1,1,756.2772473938148,0
11943,2023-05,0,0,0,0,0.0,0
11944,2023-02,1,1,0,0,0.0,0
11945,2023-02,1,0,0,0,0.0,0
11946,2023-03,1,1,1,1,756.2772473938148,1
11947,2023-06,1,1,0,0,0.0,0
11948,2023-04,1,1,1,1,756.2772473938148,1
11949,2023-03,1,1,1,1,756.2772473938148,0
11950,2023-03,0,0,0,0,0.0,0
11951,2023-01,1,1,0,0,0.0,0
11952,2023-05,1,0,0,0,0.0,0
11953,2023-01,1,0,0,0,0.0,0
11954,2023-03,1,1,1,1,756.2772473938148,1
11955,2023-02,1,1,1,1,756.2772473938148,1
11956,2023-01,1,1,1,0,0.0,0
11957,2023-01,0,0,0,0,0.0,0
11958,2023-04,1,1,0,0,0.0,0
11959,2023-05,0,0,0,0,0.0,0
11960,2023-04,0,0,0,0,0.0,0
11961,2023-04,1,1,0,0,0.0,0
11962,2023-01,1,0,0,0,0.0,0
11963,2023-04,1,1,0,0,0.0,0
11964,2023-01,1,1,0,0,0.0,0
11965,2023-03,1,1,1,1,756.2772473938148,1
11966,2023-04,1,1,1,1,756.2772473938148,1
11967,2023-02,1,0,0,0,0.0,0
11968,2023-04,1,1,1,1,756.2772473938148,1
11969,2023-01,1,1,0,0,0.0,0
11970,2023-06,1,1,1,1,756.2772473938148,1
11971,2023-01,1,1,0,0,0.0,0
11972,2023-01,1,1,1,1,756.2772473938148,1
11973,2023-01,1,1,1,1,756.2772473938148,1
11974,2023-03,0,0,0,0,0.0,0
11975,2023-03,1,0,0,0,0.0,0
11976,2023-03,1,1,0,0,0.0,0
11977,2023-03,1,0,0,0,0.0,0
11978,2023-01,1,1,0,0,0.0,0
11979,2023-06,0,0,0,0,0.0,0
11980,2023-02,1,1,0,0,0.0,0
11981,2023-06,1,0,0,0,0.0,0
11982,2023-02,1,0,0,0,0.0,0
11983,2023-03,1,1,0,0,0.0,0
11984,2023-04,1,1,0,0,0.0,0
11985,2023-02,1,0,0,0,0.0,0
11986,2023-04,1,1,1,1,756.2772473938148,1
11987,2023-04,1,1,1,1,756.2772473938148,1
11988,2023-04,1,0,0,0,0.0,0
11989,2023-02,1,0,0,0,0.0,0
11990,2023-06,1,1,1,1,756.2772473938148,1
11991,2023-05,1,0,0,0,0.0,0
11992,2023-02,1,1,1,1,756.2772473938148,1
11993,2023-05,1,1,1,1,756.2772473938148,1
11994,2023-05,1,1,1,1,756.2772473938148,1
11995,2023-01,0,0,0,0,0.0,0
11996,2023-06,1,0,0,0,0.0,0
11997,2023-04,1,0,0,0,0.0,0
11998,2023-06,0,0,0,0,0.0,0
11999,2023-04,0,0,0,0,0.0,0
